nome,endereco,cidade,estado,latitude,longitude,imagem_url,fonte_url,detalhe_url,petisco_descricao,telefone,horario,maps_url
222,"R. Francisco Deslandes, 222 | Cruzeiro, Belo Horizonte – MG",Belo Horizonte,MG,-19.9456523,-43.9295759,https://cdb-static-files.s3.amazonaws.com/wp-content/uploads/2026/03/09110856/222_buraquimquente_bh_2026_pauloti_unibh-4859.jpg,https://comidadibuteco.com.br/butecos/belo-horizonte/,https://comidadibuteco.com.br/buteco/3100-revision-v1/,"Buraquim Quente Minipães de sal com gergelim, recheados com carne de panela e finalizados com queijo canastra e couve crispy.",3135643061,Terça-feira: 18h – 23h30 | Quarta-feira: 18h – 23h30 | Quinta-feira: 18h – 23h30 | Sexta-feira: 18h – 23h30 | Sábado: 11h – 23h30 | Domingo: 11h – 19h30,"https://www.google.com/maps/search/?api=1&query=R. Francisco Deslandes, 222 |Belo Horizonte - MG"
Alexandre's Bar,"R. David Alves do Vale, 68 | Santa Rosa, Belo Horizonte – MG",Belo Horizonte,MG,-19.8634011,-43.9441692,https://cdb-static-files.s3.amazonaws.com/wp-content/uploads/2026/03/09110859/alexandresbar_porcoamostarda_pauloti_unibh-3271.jpg,https://comidadibuteco.com.br/butecos/belo-horizonte/,https://comidadibuteco.com.br/buteco/alexandres-bar/,"Porco ""AMOSTARDA"" Costela suína no purê de moranga com tapenade de mostarda com azeitona preta.",31997753957,Terça-feira: 17h – 23h | Quarta-feira: 17h – 23h | Quinta-feira: 17h – 23h | Sexta-feira: 17h – 23h | Sábado: 12h – 23h | Domingo: 12h – 22h,"https://www.google.com/maps/search/?api=1&query=R. David Alves do Vale, 68 | Santa Rosa, Belo Horizonte - MG"
Andrade's Beer,"R. Dona Geni, 32 | Maria Helena, Belo Horizonte – MG",Belo Horizonte,MG,-19.8013309,-43.9965515,https://cdb-static-files.s3.amazonaws.com/wp-content/uploads/2026/03/09110901/andradesbeer_ossadinhaatolada_bh_2026_rodneycosta_unibh-4615.jpg,https://comidadibuteco.com.br/butecos/belo-horizonte/,https://comidadibuteco.com.br/buteco/andrades-beer/,"Ossadinha Atolada Pescoço de boi com mandioca cozida e agrião, acompanhado de paçoca de carne de sol e torresmo.",31989145104,Segunda-feira: 17h – 23h | Terça-feira: 17h – 23h | Quarta-feira: 17h – 23h | Quinta-feira: 17h – 23h | Sexta-feira: 17h – 23h | Sábado: 16h – 23h | Domingo: 16h – 23h,"https://www.google.com/maps/search/?api=1&query=R. Dona Geni, 32 | Maria Helena, Belo Horizonte - MG"
Armazém Santa Amélia,"Rua da Sinfonia, 253 | Santa Amélia, Belo Horizonte – MG",Belo Horizonte,MG,,,https://cdb-static-files.s3.amazonaws.com/wp-content/uploads/2026/03/09110903/armazemsantaamelia_chucretedemineiro_bh_2026_rodneycosta_unibh-3650.jpg,https://comidadibuteco.com.br/butecos/belo-horizonte/,https://comidadibuteco.com.br/buteco/armazem-santa-amelia/,"Chucrute de Mineiro Vinagrete de repolho, costelão de boi ao molho do Armazém, acompanhado de batatas-bravas, farofa de bacon crocante e chutney de abacaxi com pimenta-dedo-de-moça.",31972174192,Terça-feira: 17h – 1h | Quarta-feira: 17h – 1h | Quinta-feira: 17h – 1h | Sexta-feira: 17h – 1h | Sábado: 13h – 1h | Domingo: 13h – 22h,"https://www.google.com/maps/search/?api=1&query=Rua da Sinfonia, 253 | Santa Amélia, Belo Horizonte - MG"
Avalanche Bar e Restaurante,"R. Doutor Álvaro Camargos, 1113 | São João Batista, Belo Horizonte – MG",Belo Horizonte,MG,-19.8274428,-43.9615139,https://cdb-static-files.s3.amazonaws.com/wp-content/uploads/2026/03/09111005/avalancheespeteria_nopeitonaraiz_bh_2026_pauloti_unibh-4514.jpg,https://comidadibuteco.com.br/butecos/belo-horizonte/,https://comidadibuteco.com.br/buteco/avalanche-bar-e-restaurante/,"No Peito e na Raiz Maçã de peito cozida com couve ao alho, acompanhada de purê cremoso de mandioca.",31998990146,Segunda-feira: 17h – 0h | Terça-feira: 17h – 0h | Quarta-feira: 17h – 0h | Quinta-feira: 17h – 0h | Sexta-feira: 17h – 0h | Sábado: 17h – 0h | Domingo: 15h – 0h,"https://www.google.com/maps/search/?api=1&query=R. Doutor Álvaro Camargos, 1113 | São Belo Horizonte - MG"
Azougue Fogo e Bar,"Rua do Ouro, 835 | Serra, Belo Horizonte – MG",Belo Horizonte,MG,-19.9403611,-43.9200245,https://cdb-static-files.s3.amazonaws.com/wp-content/uploads/2026/03/09111007/azouquefogobar_oncoto_bh_2026_rodneycosta_unibh-4638.jpg,https://comidadibuteco.com.br/butecos/belo-horizonte/,https://comidadibuteco.com.br/buteco/azougue-fogo-e-bar/,On co tô Moelinha de frango escondida sob purê de alho-poró e crispy de cebola.,3135823109,Terça-feira: 18h – 23h | Quarta-feira: 18h – 23h | Quinta-feira: 18h – 23h | Sexta-feira: 18h – 23h | Sábado: 12h – 23h | Domingo: 12h – 16h,"https://www.google.com/maps/search/?api=1&query=Rua do Ouro, 835 | Serra, Belo Horizonte - MG"
Baiúca,"R. Piauí, 1884 | Funcionários, Belo Horizonte – MG",Belo Horizonte,MG,-19.9358597,-43.9279865,https://cdb-static-files.s3.amazonaws.com/wp-content/uploads/2026/03/09111008/baiuca_pastelpeganoporo_bh_2026_pauloti_unibh-4013.jpg,https://comidadibuteco.com.br/butecos/belo-horizonte/,https://comidadibuteco.com.br/buteco/baiuca/,"Pastel Pega no Poró Pastel de alho-poró com queijo canastra acompanhado de farofa de couve, costelinha, gremolata e molho de goiabada.",3132255602,Terça-feira: 12h – 21h30 | Quarta-feira: 12h – 21h30 | Quinta-feira: 12h – 21h30 | Sexta-feira: 12h – 21h30 | Sábado: 12h – 21h30 | Domingo: 12h – 16h,"https://www.google.com/maps/search/?api=1&query=R. Piauí, 1884 | Funcionários, Belo Horizonte - MG"
Bar Bambú,"R. Divisa Nova, 670 | Salgado Filho, Belo Horizonte – MG",Belo Horizonte,MG,-19.9440127,-43.9840632,https://cdb-static-files.s3.amazonaws.com/wp-content/uploads/2026/03/09111012/barbambu_tocomnagunamao_bh_2026_isaquerodrigues_unibh-3461.jpg,https://comidadibuteco.com.br/butecos/belo-horizonte/,https://comidadibuteco.com.br/buteco/barbambu/,Tô com ragu na mão Repolho ao creme com ragu de fraldinha.,31995210404,Terça-feira: 18h – 23h30 | Quarta-feira: 18h – 23h30 | Quinta-feira: 18h – 23h30 | Sexta-feira: 18h – 23h30 | Sábado: 18h – 23h30 | Domingo: 18h – 23h30,"https://www.google.com/maps/search/?api=1&query=R. Divisa Nova, 670 | Belo Horizonte - MG"
Bar Bendita Baderna,"R. Silva Fortes, 47 | União, Belo Horizonte – MG",Belo Horizonte,MG,-19.8811789,-43.9272578,https://cdb-static-files.s3.amazonaws.com/wp-content/uploads/2026/03/09111113/barbenditabaderna_benditaporpeta_bh_2026_pauloti_unibh-5051.jpg,https://comidadibuteco.com.br/butecos/belo-horizonte/,https://comidadibuteco.com.br/buteco/bar-bendita-baderna/,"Bendita porpeta Porpeta de cupim recheada com alho-poró e queijo canastra, ao molho de tomate da casa. Acompanha: farofa de costela (suína) com ora-pro-nóbis",31991823030,Quarta-feira: 18h – 0h | Quinta-feira: 18h – 0h | Sexta-feira: 18h – 0h | Sábado: 12h – 0h | Domingo: 12h – 18h | Segunda-feira: 18h – 0h,"https://www.google.com/maps/search/?api=1&query=R. Silva Fortes, 47 | União, Belo Horizonte - MG"
Bar da Cintia,"R. Pastor Rui Franco, 257 | São João Batista (Venda Nova), Belo Horizonte – MG",Belo Horizonte,MG,-19.8168676,-43.9694756,https://cdb-static-files.s3.amazonaws.com/wp-content/uploads/2026/03/09111115/bardacintia_chuletadescontraida_bh_2026_pauloti_unibh-5257.jpg,https://comidadibuteco.com.br/butecos/belo-horizonte/,https://comidadibuteco.com.br/buteco/bar-da-cintia/,"Chuleta Descontraída Chuleta empanada, molho bechamel com repolho, bacon crispy salpicado por cima, acompanhada de um delicioso melaço para dar um toque agridoce ao prato.",36469725,Terça-feira: 18h – 23h | Quarta-feira: 18h – 23h | Quinta-feira: 18h – 23h | Sexta-feira: 18h – 23h | Sábado: 15h – 23h | Domingo: 15h – 22h,"https://www.google.com/maps/search/?api=1&query=R. Pastor Rui Franco, 257 | São João Batista (Venda Nova), Belo Horizonte - MG"
Bar da Fia,"R. dos Astecas, 2722 | Santa Mônica, Belo Horizonte – MG",Belo Horizonte,MG,-19.8299231,-43.9791637,https://cdb-static-files.s3.amazonaws.com/wp-content/uploads/2026/03/09111117/bardafia_lomboquentecoracaomole_vicentealexandre_unibh-3148.jpg,https://comidadibuteco.com.br/butecos/belo-horizonte/,https://comidadibuteco.com.br/buteco/bar-da-fia/,"Boca quente, coração mole Pernil assado, acompanhado de tomate recheado com pimenta-dedo-de-moça, geleia de maracujá e finalizado com queijo minas e couve crispy.",31985402775,Terça-feira: 11h – 0h | Quarta-feira: 11h – 0h | Quinta-feira: 11h – 0h | Sexta-feira: 11h – 0h | Sábado: 11h – 0h | Domingo: 11h – 23h,"https://www.google.com/maps/search/?api=1&query=R. dos Astecas, 2722 | Santa Mônica, Belo Horizonte - MG"
Bar da Gisa,"Rua Maria Ferreira da Silva, 367 | Fernão Dias, Belo Horizonte – MG",Belo Horizonte,MG,-19.8773115,-43.916571,https://cdb-static-files.s3.amazonaws.com/wp-content/uploads/2026/03/09111119/bardagisa_ajoelhoutemquerezar_giovanaevilyn_unibh-3157.jpg,https://comidadibuteco.com.br/butecos/belo-horizonte/,https://comidadibuteco.com.br/buteco/bar-da-gisa/,Ajoelhou tem que rezar Joelho de porco acompanhado de ora-pro-nóbis e polenta frita.,31984840138,Terça-feira: 13h – 0h | Quarta-feira: 13h – 0h | Quinta-feira: 13h – 0h | Sexta-feira: 13h – 0h | Sábado: 10h – 0h | Domingo: 10h – 0h,"https://www.google.com/maps/search/?api=1&query=Rua Maria Ferreira da Silva, 367 | Belo Horizonte - MG"
Bar da Lu,"R. Geralda Marinho, 41 | São João Batista (Venda Nova), Belo Horizonte – MG",Belo Horizonte,MG,-19.8268831,-43.9645853,https://cdb-static-files.s3.amazonaws.com/wp-content/uploads/2026/03/09111121/bardalu_popeyemineiro_bh_2026_rodneycosta_unibh-4185.jpg,https://comidadibuteco.com.br/butecos/belo-horizonte/page/2/,https://comidadibuteco.com.br/buteco/bar-da-lu/,"Popeye Mineiro Parmegiana de alcatra regada com molho pomodoro artesanal, manjericão e muçarela derretida. Acompanhada de molho bechamel de espinafre e torradas rústicas.",31999327787,Segunda-feira: 18h – 23h | Quarta-feira: 18h – 23h | Quinta-feira: 18h – 23h | Sexta-feira: 18h – 23h | Sábado: 12h30 – 22h | Domingo: 12h30 – 19h,"https://www.google.com/maps/search/?api=1&query=R. Geralda Marinho, 41 | São João Batista (Venda Nova), Belo Horizonte - MG"
Bar da Praça,"Rua Oeste, 517 | Calafate, Belo Horizonte – MG",Belo Horizonte,MG,-19.9230609,-43.969218,https://cdb-static-files.s3.amazonaws.com/wp-content/uploads/2026/03/09111222/bardapraca_cadimdenos_bh_2026_pauloti_unibh-4502.jpg,https://comidadibuteco.com.br/butecos/belo-horizonte/page/2/,https://comidadibuteco.com.br/buteco/bar-da-praca/,"Cadim de Nós Bolinho de carne recheado com alho-poró, requeijão e queijo parmesão, com farofa de couve com torresmo e molho da casa.",3191472685,Segunda-feira: 16h – 21h | Terça-feira: 16h – 21h | Quarta-feira: 16h – 21h | Quinta-feira: 16h – 21h | Sexta-feira: 16h – 21h,"https://www.google.com/maps/search/?api=1&query=Rua Oeste, 517 | Calafate, Belo Horizonte - MG"
Bar da Silvânia,"R. Soares Nogueira, 801 | Camargos, Belo Horizonte – MG",Belo Horizonte,MG,-19.9402357,-44.0216093,https://cdb-static-files.s3.amazonaws.com/wp-content/uploads/2026/03/09111224/bardasilvania_tesourocaipiracomencantodahorta_bh_2026_giovanaevelyn_unibh-3364.jpg,https://comidadibuteco.com.br/butecos/belo-horizonte/page/2/,https://comidadibuteco.com.br/buteco/bar-da-silvania/,"Tesouro caipira com encanto da horta Corte suíno ao molho curto, creme de mandioca, farofa de couve com bacon e acelga fresca ao alho.",31993387815,Terça-feira: 17h30 – 0h30 | Quarta-feira: 17h30 – 0h30 | Quinta-feira: 17h30 – 0h30 | Sexta-feira: 17h30 – 0h30 | Sábado: 17h30 – 0h30,"https://www.google.com/maps/search/?api=1&query=R. Soares Nogueira, 801 | Camargos, Belo Horizonte - MG"
Bar do Bartolomeu,"R. Arthur Luchesi, 356 | Santa Helena (Barreiro), Belo Horizonte – MG",Belo Horizonte,MG,-19.985134,-44.0112649,https://cdb-static-files.s3.amazonaws.com/wp-content/uploads/2026/03/09111226/bardobartolomeu_triomineirobaodemais_bh_2026_rodneycosta_unibh-4207.jpg,https://comidadibuteco.com.br/butecos/belo-horizonte/page/2/,https://comidadibuteco.com.br/buteco/bar-do-bartolomeu/,"Trio Mineiro-Bão di Mais Maçã de peito cozida com molho da casa, purê de batata com queijo, couve com bacon.",31975479909,Terça-feira: 17h – 0h | Quarta-feira: 17h – 0h | Quinta-feira: 17h – 0h | Sexta-feira: 17h – 0h | Sábado: 14h – 23h | Domingo: 14h – 23h,"https://www.google.com/maps/search/?api=1&query=R. Arthur Luchesi, 356 | Santa Helena (Barreiro), Belo Horizonte - MG"
Bar do Bem,"Rua Vicentina Coutinho Camargos, 100 | Álvaro Camargos, Belo Horizonte – MG",Belo Horizonte,MG,-19.9153621,-44.0062588,https://cdb-static-files.s3.amazonaws.com/wp-content/uploads/2026/03/09111228/bardobem_brsileirinhoraiz_bh_2026_rodneycosta_unibh-5080.jpg,https://comidadibuteco.com.br/butecos/belo-horizonte/page/2/,https://comidadibuteco.com.br/buteco/bar-do-bem/,"Brasileirinho Raiz Ossobuco com angu 'molin', 'temperadim', com couve rasgadinha e molho da casa.",31991745708,Terça-feira: 18h30 – 0h | Quarta-feira: 18h30 – 0h | Quinta-feira: 18h30 – 0h | Sexta-feira: 18h30 – 0h | Sábado: 14h – 0h | Domingo: 13h – 17h,"https://www.google.com/maps/search/?api=1&query=Rua Vicentina Coutinho Camargos, 100 | Álvaro Camargos, Belo Horizonte - MG"
Bar do Dedinho,"Avenida Guarapari, 872 | Santa Amélia, Belo Horizonte – MG",Belo Horizonte,MG,-19.8457505,-43.9777126,https://cdb-static-files.s3.amazonaws.com/wp-content/uploads/2026/03/09111229/bardodedinho_kafteivossamensagem_bh_2026_isabelaaraujo_unibh-3503.jpg,https://comidadibuteco.com.br/butecos/belo-horizonte/page/2/,https://comidadibuteco.com.br/buteco/3121-revision-v1/,"Kaftei Vossa Vontade Kafta recheada com queijo, acompanha batata da mamãe e salada americana. Com molhos da casa.",31999902018,Segunda-feira: 17h – 23h30 | Terça-feira: 17h – 23h30 | Quarta-feira: 17h – 23h30 | Quinta-feira: 17h – 23h30 | Sexta-feira: 12h – 0h30 | Sábado: 11h – 0h30 | Domingo: 11h – 22h,"https://www.google.com/maps/search/?api=1&query=Avenida Guarapari, 872 | Belo Horizonte - MG"
Bar do João (São João Batista),"R. Geralda Marinho, 117 | São João Batista (Venda Nova), Belo Horizonte – MG",Belo Horizonte,MG,-19.8268831,-43.9645853,https://cdb-static-files.s3.amazonaws.com/wp-content/uploads/2026/03/09111331/bardojoao_nabocadopovo_bh_2026_rodneycosta_unibh-4472.jpg,https://comidadibuteco.com.br/butecos/belo-horizonte/page/2/,https://comidadibuteco.com.br/buteco/3125-revision-v1/,"Na Boca do Boi Língua de boi ao molho de cerveja escura, com agrião, acompanhada de pães.",3134511344,Segunda-feira: 17h – 23h30 | Terça-feira: 17h – 23h30 | Quarta-feira: 17h – 23h30 | Quinta-feira: 17h – 23h30 | Sexta-feira: 17h – 23h30 | Sábado: 12h30 – 23h30 | Domingo: 12h30 – 23h30,"https://www.google.com/maps/search/?api=1&query=R. Geralda Marinho, 117 | Belo Horizonte - MG"
Bar do Kim,"Rua Júlio de Castilho, 1071 | Palmeiras, Belo Horizonte – MG",Belo Horizonte,MG,,,https://cdb-static-files.s3.amazonaws.com/wp-content/uploads/2026/03/09111333/bardokim_fraldinhasupreme_bh_2026_pauloti_unibh-4724.jpg,https://comidadibuteco.com.br/butecos/belo-horizonte/page/2/,https://comidadibuteco.com.br/buteco/bar-do-kim/,Fraldinha Suprema Fraldinha com creme de espinafre com crispy de cebola e geleia de tomate.,31987768550,Segunda-feira: 17h30 – 23h30 | Terça-feira: 17h30 – 23h30 | Quarta-feira: 17h30 – 23h30 | Quinta-feira: 17h30 – 23h30 | Sexta-feira: 17h30 – 23h30 | Sábado: 12h – 23h | Domingo: 12h – 23h,"https://www.google.com/maps/search/?api=1&query=Rua Júlio de Castilho, 1071 | Palmeiras, Belo Horizonte - MG"
Bar do Momô,"Avenida Coronel José Benjamim, 777 | Padre Eustáquio, Belo Horizonte – MG",Belo Horizonte,MG,-19.9166757,-43.9703332,https://cdb-static-files.s3.amazonaws.com/wp-content/uploads/2026/03/09111335/bardomomo_esferasuina_rodneycosta_unibh-3114.jpg,https://comidadibuteco.com.br/butecos/belo-horizonte/page/2/,https://comidadibuteco.com.br/buteco/3520-revision-v1/,"Esfera Suína do Momô Almôndega de linguiça suína recheada com pimenta-biquinho ao molho de tomate. Acompanhada de farofa de torresmo, ninho de couve com ovo de codorna e muçarela.",31987818567,Segunda-feira: 16h – 0h | Quarta-feira: 16h – 0h | Quinta-feira: 16h – 0h | Sexta-feira: 16h – 0h | Sábado: 16h – 0h | Domingo: 12h – 20h,"https://www.google.com/maps/search/?api=1&query=Avenida Coronel José Benjamim, 777 | Belo Horizonte - MG"
Bar do Nelson,"R. Vicente Risola, 1000 | Santa Inês, Belo Horizonte – MG",Belo Horizonte,MG,-19.8828976,-43.9096206,https://cdb-static-files.s3.amazonaws.com/wp-content/uploads/2026/03/09111336/bardonelson_brasileirinho_bh_2026_rodneycosta_unibh-4559.jpg,https://comidadibuteco.com.br/butecos/belo-horizonte/page/2/,https://comidadibuteco.com.br/buteco/bar-do-nelson/,"Brasileirinho Sobrecoxa de frango no molho de cebola queimada, acompanhada de angu na cama de mostarda.",996726908,Terça-feira: 15h – 23h55 | Quarta-feira: 15h – 23h55 | Quinta-feira: 15h – 23h55 | Sexta-feira: 15h – 23h55 | Sábado: 11h – 23h55 | Domingo: 11h – 20h,"https://www.google.com/maps/search/?api=1&query=R. Vicente Risola, 1000 | Santa Inês, Belo Horizonte - MG"
Bar do Peixinho,"Avenida Bernardo de Vasconcelos, 1824 | Cachoeirinha, Belo Horizonte – MG",Belo Horizonte,MG,-19.8757884,-43.9293954,https://cdb-static-files.s3.amazonaws.com/wp-content/uploads/2026/03/09111338/bardopeixinho_tilapiaroletera_bh_2026_isaquerodrigues_unibh-3830.jpg,https://comidadibuteco.com.br/butecos/belo-horizonte/page/2/,https://comidadibuteco.com.br/buteco/bar-do-peixinho/,"Tilápia Roletera Roletes de filé de tilápia empanado, recheados com mix de rúcula, muçarela e tomate seco. Acompanha molho especial da casa.",3137895216,Terça-feira: 11h – 15h e 17h30 – 23h | Quarta-feira: 11h – 15h e 17h30 – 23h | Sexta-feira: 11h – 15h e 17h30 – 23h | Sábado: 17h30 – 23h30 | Domingo: 10h – 16h,"https://www.google.com/maps/search/?api=1&query=Avenida Bernardo de Vasconcelos, 1824 | Belo Horizonte - MG"
Bar do Primo,"Avenida Amazonas, 4649 | Nova Suíça, Belo Horizonte – MG",Belo Horizonte,MG,-19.9297695,-43.9779451,https://cdb-static-files.s3.amazonaws.com/wp-content/uploads/2026/03/16114137/whatsapp-image-2026-03-16-at-14.39.03.jpeg,https://comidadibuteco.com.br/butecos/belo-horizonte/page/2/,https://comidadibuteco.com.br/buteco/bar-do-primo/,Maçã de peito à moda do primo Maçã de peito com batata-doce e mostarda.,31995323260,Segunda-feira: 18h – 0h | Terça-feira: 18h – 0h | Quarta-feira: 18h – 0h | Quinta-feira: 18h – 0h | Sexta-feira: 18h – 0h | Sábado: 18h – 0h | Domingo: 18h – 0h,"https://www.google.com/maps/search/?api=1&query=Avenida Amazonas, 4649 | Nova Suíça, Belo Horizonte - MG"
Bar do Regis,"R. Gávea, 422 | Jardim América, Belo Horizonte – MG",Belo Horizonte,MG,-19.9388489,-43.9752421,https://cdb-static-files.s3.amazonaws.com/wp-content/uploads/2026/03/09111441/bardoregis_leilaoeevanoparaiso_bh_2026_giovanaevelyn_unibh-3344.jpg,https://comidadibuteco.com.br/butecos/belo-horizonte/page/3/,https://comidadibuteco.com.br/buteco/24790-revision-v1/,"Leitão e Eva no Paraíso Costelinha suína, polenta com queijo e ora-pro-nóbis.",31971158894,Terça-feira: 17h – 23h30 | Quarta-feira: 17h – 0h | Quinta-feira: 17h – 0h | Sexta-feira: 17h – 0h | Sábado: 14h – 0h | Domingo: 11h – 17h,"https://www.google.com/maps/search/?api=1&query=R. Gávea, 422 | Jardim América, Belo Horizonte - MG"
Bar do Tião,"Avenida Doutor Cristiano Guimarães, 2570 | Planalto, Belo Horizonte – MG",Belo Horizonte,MG,-19.8354846,-43.9553743,https://cdb-static-files.s3.amazonaws.com/wp-content/uploads/2026/03/25074325/tiaovei_2026_belohorizonte.jpg,https://comidadibuteco.com.br/butecos/belo-horizonte/page/3/,https://comidadibuteco.com.br/buteco/bar-do-tiao-2/,"Tião Veio Costelinha suína braseada, torresminho à pururuca, couve refogada na manteiga, alho e limão, farofa de torresmo e molho de abacaxi com pimenta.",31988308524,Segunda-feira: 16h – 23h | Terça-feira: 16h – 23h | Quarta-feira: 16h – 23h | Quinta-feira: 16h – 23h | Sexta-feira: 16h – 23h | Sábado: 10h – 23h | Domingo: 10h – 17h,"https://www.google.com/maps/search/?api=1&query=Avenida Doutor Cristiano Guimarães, 2570 | Planalto, Belo Horizonte - MG"
Bar dos Meninos,"Rua Lindolfo Deodoro, 503 – A | Salgado Filho, Belo Horizonte – MG",Belo Horizonte,MG,-19.9396503,-43.9789774,https://cdb-static-files.s3.amazonaws.com/wp-content/uploads/2026/03/09111445/bardosmeninos_acopaenossa_bh_2026_pauloti_unibh-4886.jpg,https://comidadibuteco.com.br/butecos/belo-horizonte/page/3/,https://comidadibuteco.com.br/buteco/bar-dos-meninos/,A copa é nossa Copa lombo assado com escarola refogada no alho. Acompanha farofa de soja.,31983803201,Terça-feira: 17h30 – 23h30 | Quarta-feira: 17h30 – 23h30 | Quinta-feira: 17h30 – 23h30 | Sexta-feira: 17h30 – 23h30 | Sábado: 17h30 – 23h30,"https://www.google.com/maps/search/?api=1&query=Rua Lindolfo Deodoro, 503 - A | Salgado Filho, Belo Horizonte - MG"
Bar Du Du,"R. Vinte e Oito de Setembro, 229 | Esplanada, Belo Horizonte – MG",Belo Horizonte,MG,,,https://cdb-static-files.s3.amazonaws.com/wp-content/uploads/2026/03/09111447/bardudu_atequemnaogostacome_bh_2026_pauloti_unibh-4066.jpg,https://comidadibuteco.com.br/butecos/belo-horizonte/page/3/,https://comidadibuteco.com.br/buteco/bar-du-du/,Até quem não gosta come Couve-flor empanada no queijo parmesão com geleia da casa.,313646155131987170450,Segunda-feira: 11h – 14h e 17h30 – 23h | Terça-feira: 11h – 14h e 17h30 – 23h | Quarta-feira: 11h – 14h e 17h30 – 23h | Quinta-feira: 11h – 14h e 17h30 – 23h | Sexta-feira: 11h – 14h e 17h30 – 23h | Sábado: 11h – 22h,"https://www.google.com/maps/search/?api=1&query=R. Vinte e Oito de Setembro, 229 | Esplanada, Belo Horizonte - MG"
Bar Du Magrelo,"Rua São Felipe, 21 – Perto do Independência | Horto, Belo Horizonte – MG",Belo Horizonte,MG,-20.0017003,-44.0119088,https://cdb-static-files.s3.amazonaws.com/wp-content/uploads/2026/03/09111548/bardomagrelo_canelasuada_bh_2026_pauloti_unibh-3415.jpg,https://comidadibuteco.com.br/butecos/belo-horizonte/page/3/,https://comidadibuteco.com.br/buteco/bar-du-magrelo/,"Canela Suada Ossobuco ao molho, com ora-pro-nóbis refogado no alho e na farinha de milho, cebola-roxa e cheiro-verde.",3136544059,Terça-feira: 17h – 23h | Quarta-feira: 17h – 23h | Quinta-feira: 17h – 23h | Sexta-feira: 17h – 23h | Sábado: 11h – 18h | Domingo: 11h – 18h,"https://www.google.com/maps/search/?api=1&query=Rua São Felipe, 21 | Belo Horizonte - MG"
Bar e Restaurante Bom Sabor,"R. Java, 386 | Nova Suíça, Belo Horizonte – MG",Belo Horizonte,MG,-19.9333627,-43.9746709,https://cdb-static-files.s3.amazonaws.com/wp-content/uploads/2026/03/09111010/bomsabor_saboresdaroca_bh_2026_pauloti_unibh-5218.jpg,https://comidadibuteco.com.br/butecos/belo-horizonte/page/3/,https://comidadibuteco.com.br/buteco/bar-e-restaurante-bom-sabor/,"Sabores da Roça Suflê de milho-verde, recheado com carne cozida à moda da casa, acompanhado de mostarda refogada.",3133348205,Segunda-feira: 17h – 23h | Terça-feira: 17h – 23h | Quarta-feira: 17h – 23h | Quinta-feira: 17h – 23h | Sexta-feira: 17h – 23h | Sábado: 17h – 23h,"https://www.google.com/maps/search/?api=1&query=R. Java, 386 | Nova Suíça, Belo Horizonte - MG"
Bar e Restaurante do Branco,"Rua Pitangui, 3197 | Sagrada Família, Belo Horizonte – MG",Belo Horizonte,MG,-19.905944,-43.9302957,https://cdb-static-files.s3.amazonaws.com/wp-content/uploads/2026/03/09111549/bardobranco_bemcasado_bh_2026_isaquerodrigues_unibh-3534.jpg,https://comidadibuteco.com.br/butecos/belo-horizonte/page/3/,https://comidadibuteco.com.br/buteco/bar-e-restaurante-do-branco/,"Bem Casados Torresmo de barriga, batata recheada com creme e carne desfiada, charuto de couve.",3134673993,Segunda-feira: 16h – 0h | Terça-feira: 16h – 0h | Quarta-feira: 16h – 0h | Quinta-feira: 16h – 0h | Sexta-feira: 16h – 0h | Sábado: 16h – 0h | Domingo: 16h – 0h,"https://www.google.com/maps/search/?api=1&query=Rua Pitangui, 3197 | Belo Horizonte - MG"
Bar Estabelecimento,"R. Monte Alegre, 160 | Serra, Belo Horizonte – MG",Belo Horizonte,MG,-19.9363019,-43.9239093,https://cdb-static-files.s3.amazonaws.com/wp-content/uploads/2026/03/09111551/barestabelecimento_comabarriganofogo_bh_2026_rodneycosta_unibh-5068.jpg,https://comidadibuteco.com.br/butecos/belo-horizonte/page/3/,https://comidadibuteco.com.br/buteco/bar-estabelecimento/,"Com a barriga no fogão Barriga de porco de panela (pancetta) cozida com cebolas, pimentões, molho inglês, ""fritas"" de mandioca e espinafre, farofa de couve e molho de abacaxi.",31983921059,Terça-feira: 17h30 – 0h | Quarta-feira: 17h30 – 0h | Quinta-feira: 17h30 – 0h | Sexta-feira: 11h30 – 15h e 17h30 – 0h | Sábado: 11h30 – 0h | Domingo: 12h – 18h,"https://www.google.com/maps/search/?api=1&query=R. Monte Alegre, 160 | Serra, Belo Horizonte - MG"
Bar Junto Juntinho,"Rua Cura D'Ars, 542 | Prado, Belo Horizonte – MG",Belo Horizonte,MG,-19.923052,-43.9631418,https://cdb-static-files.s3.amazonaws.com/wp-content/uploads/2026/03/09111553/juntojuntinho_marinheiropopeye_bh_2026_julianunes_unibh-3395.jpg,https://comidadibuteco.com.br/butecos/belo-horizonte/page/3/,https://comidadibuteco.com.br/buteco/bar-junto-juntinho/,Marinheiro Popeye Panqueca de espinafre recheada com carne bovina e bacon envolvida com molho de tomate natural e parmesão. Acompanhada por um mix de verduras e fatias de banana-da-terra.,31988068530,Quarta-feira: 18h – 0h | Quinta-feira: 18h – 0h | Sexta-feira: 18h – 0h | Sábado: 18h – 0h | Domingo: 15h – 22h,"https://www.google.com/maps/search/?api=1&query=Rua Cura D’Ars, 542 | Prado, Belo Horizonte - MG"
Bar Mania Mineira,"Rua Paracatu, 1099 | Santo Agostinho, Belo Horizonte – MG",Belo Horizonte,MG,-19.9291267,-43.9537761,https://cdb-static-files.s3.amazonaws.com/wp-content/uploads/2026/03/09111555/maniamineira_joelhodavovopig_bh_2026_pauloti_unibh-3996.jpg,https://comidadibuteco.com.br/butecos/belo-horizonte/page/3/,https://comidadibuteco.com.br/buteco/5668-revision-v1/,"Joelho do Vovô Pig Joelho de porco com milho assado, polenta e mostarda refogada.",31996743990,Quarta-feira: 17h – 22h | Quinta-feira: 17h – 22h | Sexta-feira: 17h – 22h | Sábado: 12h – 22h | Terça-feira: 11h – 15h,"https://www.google.com/maps/search/?api=1&query=Rua Paracatu, 1099 | Santo Agostinho, Belo Horizonte - MG"
Bar Pompéu,"R. São Miguel, 779 – antigo 1243 | Itapoã, Belo Horizonte – MG",Belo Horizonte,MG,-19.8410387,-43.9652554,https://cdb-static-files.s3.amazonaws.com/wp-content/uploads/2026/03/09111656/barpompeu_porquinhomelado_isabelaaraujo_unibh-3547.jpg,https://comidadibuteco.com.br/butecos/belo-horizonte/page/3/,https://comidadibuteco.com.br/buteco/3135-revision-v1/,"Porquinho Melado Costelinha de porco ao melaço de rapadura, limão-capeta e cachaça. Acompanhada de purê de batata, com cenoura e alho-poró.",3136653506,Segunda-feira: 12h – 0h | Terça-feira: 12h – 0h | Quarta-feira: 12h – 0h | Quinta-feira: 12h – 0h | Sexta-feira: 12h – 1h | Sábado: 12h – 1h | Domingo: 12h – 23h,"https://www.google.com/maps/search/?api=1&query=R. São Miguel, 779 - antigo 1243 | Itapoã, Belo Horizonte - MG"
Bar Stella,"Av. Saramenha, 1599 | Guarani, Belo Horizonte – MG",Belo Horizonte,MG,-19.8421285,-43.9202727,https://cdb-static-files.s3.amazonaws.com/wp-content/uploads/2026/03/09111658/barstellaoficial_porcoamineira_bh_2026_rodneycosta_unibh-4700.jpg,https://comidadibuteco.com.br/butecos/belo-horizonte/page/3/,https://comidadibuteco.com.br/buteco/bar-stella/,"Porco à Mineira Costelinha suína ao molho agridoce de goiaba com ragu de pernil, servida sobre polenta com muçarela, crispy de acelga e torradinhas de acompanhamento.",3134333755,Segunda-feira: 15h – 23h30 | Terça-feira: 15h – 23h30 | Quarta-feira: 15h – 23h30 | Quinta-feira: 15h – 23h30 | Sexta-feira: 15h – 23h30 | Sábado: 12h – 23h30 | Domingo: 12h – 23h30,"https://www.google.com/maps/search/?api=1&query=Av. Saramenha, 1599 | Guarani, Belo Horizonte - MG"
Bar Temático Sta. Teresa,"R. Pirite, 187 | Santa Teresa, Belo Horizonte – MG",Belo Horizonte,MG,,,https://cdb-static-files.s3.amazonaws.com/wp-content/uploads/2026/03/09111700/bartematico_osegredodaforcadolampiao_bh_2026_rodneycosta_unibh-4664.jpg,https://comidadibuteco.com.br/butecos/belo-horizonte/page/4/,https://comidadibuteco.com.br/buteco/bar-tematico-sta-teresa-2/,O Segredo da Força do Lampião Polenta com costelinha suína e molho de espinafre.,3134814646,Terça-feira: 17h – 23h | Quarta-feira: 17h – 23h | Quinta-feira: 17h – 23h | Sexta-feira: 17h – 23h | Sábado: 11h – 22h | Domingo: 11h – 18h,"https://www.google.com/maps/search/?api=1&query=R. Pirite, 187 | Santa Teresa, Belo Horizonte - MG"
Barrigudinha Buteco,"Av. dos Engenheiros, 1071 | Alípio de Melo, Belo Horizonte – MG",Belo Horizonte,MG,-19.8866539,-44.0049792,https://cdb-static-files.s3.amazonaws.com/wp-content/uploads/2026/03/09111702/barrigudinha_flordeminas_bh_2026_luizafernandes_unibh-3472.jpg,https://comidadibuteco.com.br/butecos/belo-horizonte/page/4/,https://comidadibuteco.com.br/buteco/barrigudinha-buteco/,"Flor de Minas Sobrecoxa desossada e empanada com mix de verduras: couve, brócolis, couve-flor, repolho, tomate-cereja. Acompanhada de molho de manteiga com alho e cebola.",313443115631998398899,Terça-feira: 16h30 – 23h | Quarta-feira: 16h30 – 23h | Quinta-feira: 16h30 – 23h | Sexta-feira: 16h30 – 23h | Sábado: 11h30 – 23h | Domingo: 11h30 – 23h,"https://www.google.com/maps/search/?api=1&query=Av. dos Engenheiros, 1071 | Alípio de Melo, Belo Horizonte - MG"
Barzim dos Amigos,"R. Lindolfo de Azevedo, 1263 | Jardim América, Belo Horizonte – MG",Belo Horizonte,MG,-19.9469244,-43.9719725,https://cdb-static-files.s3.amazonaws.com/wp-content/uploads/2026/03/09111704/barzimdosamigos_penaroca_bh_2026_joaovictor_unibh-3489.jpg,https://comidadibuteco.com.br/butecos/belo-horizonte/page/4/,https://comidadibuteco.com.br/buteco/barzim-dos-amigos/,"Pé na Roça Dobradinha com pé de porco, calabresa, feijão-branco e crispy de couve.",31975602803,Segunda-feira: 17h – 22h | Terça-feira: 17h – 22h | Quarta-feira: 17h – 22h | Quinta-feira: 17h – 22h | Sexta-feira: 17h – 23h | Sábado: 14h – 21h | Domingo: 14h – 20h,"https://www.google.com/maps/search/?api=1&query=R. Lindolfo de Azevedo, 1263 | Jardim América, Belo Horizonte - MG"
Bazin Bar,"R. Min. Orozimbo Nonato, 1053| Dona Clara, Belo Horizonte – MG",Belo Horizonte,MG,,,https://cdb-static-files.s3.amazonaws.com/wp-content/uploads/2026/03/09111805/bazim_conceicao_bh_2026_pauloti_unibh-4811.jpg,https://comidadibuteco.com.br/butecos/belo-horizonte/page/4/,https://comidadibuteco.com.br/buteco/bazin-bar/,"Conceição Blend de carne recheada com queijo ao molho de tomate da casa, gratinada com queijo, acompanhada de purê de canjica de milho branco e pesto de couve.",31972171020,Terça-feira: 17h30 – 23h | Quarta-feira: 17h30 – 23h | Quinta-feira: 17h30 – 23h | Sexta-feira: 17h30 – 23h | Sábado: 13h – 23h | Domingo: 13h – 20h,"https://www.google.com/maps/search/?api=1&query=R. Min. Orozimbo Nonato, 1053| Dona Clara, Belo Horizonte - MG"
Beco Restaurante,"R. dos Tamoios, 232 | Centro, Belo Horizonte – MG",Belo Horizonte,MG,-19.9182822,-43.9477147,https://cdb-static-files.s3.amazonaws.com/wp-content/uploads/2026/03/09111807/becorestaurante_verdequetequerorabo_bh_2026_pauloti_unibh-4495.jpg,https://comidadibuteco.com.br/butecos/belo-horizonte/page/4/,https://comidadibuteco.com.br/buteco/beco-restaurante/,"Verde que te quero rabo! Rabada desfiada com cuscuz, acompanhada de vinagrete de alho-poró e creme verde de agrião.",3132721489,Segunda-feira: 11h – 22h20 | Terça-feira: 11h – 22h20 | Quarta-feira: 11h – 22h20 | Quinta-feira: 11h – 22h20 | Sexta-feira: 11h – 22h20 | Sábado: 11h – 22:20,"https://www.google.com/maps/search/?api=1&query=R. dos Tamoios, 232 | Centro, Belo Horizonte - MG"
Bella Bar e Restaurante,"Rua dos Odontólogos, 422 | Alípio de Melo, Belo Horizonte – MG",Belo Horizonte,MG,-19.8910583,-44.0047802,https://cdb-static-files.s3.amazonaws.com/wp-content/uploads/2026/03/09111809/bellabar_bellomurro_bh_2026_pauloti_unibh-4781.jpg,https://comidadibuteco.com.br/butecos/belo-horizonte/page/4/,https://comidadibuteco.com.br/buteco/bella-bar-e-restaurante/,"Bello Murro Batatinhas ao murro, douradas na manteiga com mostarda, cobertas com pernil desfiado, repolho-roxo e farofa crocante de quiabo com calabresa e passas.",31992100144,Segunda-feira: 16h – 22h30 | Terça-feira: 16h – 22h30 | Quarta-feira: 16h – 22h30 | Quinta-feira: 16h – 22h30 | Sexta-feira: 16h – 22h30 | Sábado: 14h – 22h30,"https://www.google.com/maps/search/?api=1&query=Rua dos Odontólogos, 422 | Belo Horizonte - MG"
Boi Major,"R. Major Lopes, 7 | São Pedro, Belo Horizonte – MG",Belo Horizonte,MG,-19.9474918,-43.9354287,https://cdb-static-files.s3.amazonaws.com/wp-content/uploads/2026/03/09111810/boimajor_nacifcorrea_bh_2026_rodneycosta_unibh-4323.jpg,https://comidadibuteco.com.br/butecos/belo-horizonte/page/4/,https://comidadibuteco.com.br/buteco/boi-major/,"Nascif Corrêa Musseline de couve-flor, ragu de lombo defumado desconstruído, chucrute de repolho e semente de gergelim, acompanhada de nachos.",3199926162431971051326,Segunda-feira: 17h – 0h | Terça-feira: 17h – 0h | Quarta-feira: 17h – 0h | Quinta-feira: 17h – 0h | Sexta-feira: 11h – 0h | Sábado: 11h – 0h | Domingo: 11h – 22h,"https://www.google.com/maps/search/?api=1&query=R. Major Lopes, 7 | São Pedro, Belo Horizonte - MG"
Boteco 86,"R. Jacarina, 86 | Padre Eustáquio, Belo Horizonte – MG",Belo Horizonte,MG,-19.913254,-43.9719321,https://cdb-static-files.s3.amazonaws.com/wp-content/uploads/2026/03/09111812/boteco86_tremdeminas_bh_2026_pauloti_unibh-4902.jpg,https://comidadibuteco.com.br/butecos/belo-horizonte/page/4/,https://comidadibuteco.com.br/buteco/boteco-86/,Trem de Minas Bolinho de aipim recheado com torresmo de barriga desfiado e couve. Acompanha maionese de limão.,31996479898,Segunda-feira: 17h – 0h | Terça-feira: 17h – 0h | Quarta-feira: 17h – 0h | Quinta-feira: 17h – 0h | Sexta-feira: 17h – 0h | Sábado: 12h – 0h | Domingo: 12h – 0h,"https://www.google.com/maps/search/?api=1&query=R. Jacarina, 86 | Padre Eustáquio, Belo Horizonte - MG"
Botequim Buritis,"Rua Vitório Magnavacca, 39 | Buritis, Belo Horizonte – MG",Belo Horizonte,MG,-19.9698998,-43.965677,https://cdb-static-files.s3.amazonaws.com/wp-content/uploads/2026/03/09111914/botequimburitis_boibumba_bh_2026_pauloti_unibh-4077.jpg,https://comidadibuteco.com.br/butecos/belo-horizonte/page/4/,https://comidadibuteco.com.br/buteco/botequim-buritis/,"Boi Bumbá Carne de boi cozida ao molho de alho-poró, batata e bacon.",3131664333,Segunda-feira: 17h – 0h | Terça-feira: 17h – 0h | Quarta-feira: 17h – 0h | Quinta-feira: 17h – 0h | Sexta-feira: 17h – 0h | Sábado: 11h – 0h | Domingo: 11h – 23h,"https://www.google.com/maps/search/?api=1&query=Rua Vitório Magnavacca, 39 | Buritis, Belo Horizonte - MG"
Buteco do Lili,"R. Líbero Badaró, 493 | Dona Clara, Belo Horizonte – MG",Belo Horizonte,MG,,,https://cdb-static-files.s3.amazonaws.com/wp-content/uploads/2026/03/09111916/botecodolele_saboresdavomaria_isabelaaraujo_unibh-3258.jpg,https://comidadibuteco.com.br/butecos/belo-horizonte/page/4/,https://comidadibuteco.com.br/buteco/3151-autosave-v1/,Sabores de Vó Maria Costelinha ao molho de cerveja preta com rapadura acompanhada de canjiquinha cremosa e couve crispy.,3135825246,Segunda-feira: 12h – 23h | Terça-feira: 12h – 23h | Quarta-feira: 12h – 23h | Quinta-feira: 12h – 23h | Sexta-feira: 12h – 23h | Sábado: 12h – 22h | Domingo: 12h – 22h,"https://www.google.com/maps/search/?api=1&query=R. Líbero Badaró, 493 | Dona Clara, Belo Horizonte - MG"
Buteco Tô D'Boa,"Av. Virgílio de Melo Franco, 400 | Jardim Atlântico, Belo Horizonte – MG",Belo Horizonte,MG,,,https://cdb-static-files.s3.amazonaws.com/wp-content/uploads/2026/03/09111918/butecotodeboa_escondidinhotodeboa_bh_2026_rodneycosta_unibh-3587.jpg,https://comidadibuteco.com.br/butecos/belo-horizonte/page/4/,https://comidadibuteco.com.br/buteco/buteco-to-dboa/,"Escondidão Tô D' Boa Pernil cozido com molho especial, creme de batata com queijo muçarela, couve agridoce.",31991871649,Segunda-feira: 16h – 23h | Quarta-feira: 16h – 23h | Quinta-feira: 16h – 23h | Sexta-feira: 16h – 23h | Sábado: 11h – 23h,"https://www.google.com/maps/search/?api=1&query=Av. Virgílio de Melo Franco, 400 | Jardim Atlântico, Belo Horizonte - MG"
Buteco's Bar,"R. Ernesto Braga, 2 | Jardim Atlântico, Belo Horizonte – MG",Belo Horizonte,MG,,,https://cdb-static-files.s3.amazonaws.com/wp-content/uploads/2026/03/09111920/butecosbar_nuhderochavei_bh_2026_rodneycosta_unibh-5132.jpg,https://comidadibuteco.com.br/butecos/belo-horizonte/page/4/,https://comidadibuteco.com.br/buteco/3145-revision-v1/,"Nuhhh!!! de Rocha véi Escondidim de carne de panela ao moio de cerveja preta com agrião, coberto com trem de um purê de couve-flor que nuhhh!. E, para ficar ainda mió, pra terminar, um queijinho gratinadim por cima de tudim. Vai tamém um pãozinho quentim e farofinha de vó, para aproveitar até o final.",31992586505,Terça-feira: 17h30 – 23h | Quarta-feira: 17h30 – 23h | Quinta-feira: 17h30 – 23h | Sexta-feira: 17h30 – 23h30 | Sábado: 13h – 23h30 | Domingo: 12h – 20h,"https://www.google.com/maps/search/?api=1&query=R. Ernesto Braga, 2 | Jardim Atlântico, Belo Horizonte - MG"
Butiquim 325,"Avenida Francisco Sá, 325 | Prado, Belo Horizonte – MG",Belo Horizonte,MG,-19.9296111,-43.9598277,https://cdb-static-files.s3.amazonaws.com/wp-content/uploads/2026/03/09111922/butiquim325_quitutiarabe_bh_2026_vicentealexandre_unibh-3630.jpg,https://comidadibuteco.com.br/butecos/belo-horizonte/page/5/,https://comidadibuteco.com.br/buteco/butiquim-325/,"Quituti Árabe Charuto de repolho recheado com arroz, carne moída e especiarias. Acompanhado de disco de kafta grelhado com molho da casa.",31992578781,Terça-feira: 17h – 23h30 | Quarta-feira: 17h – 23h30 | Quinta-feira: 17h – 23h30 | Sexta-feira: 17h – 23h30 | Sábado: 12h – 23h30 | Domingo: 12h – 19h30,"https://www.google.com/maps/search/?api=1&query=Avenida Francisco Sá, 325 |Belo Horizonte - MG"
Butiquim On Cê Tá?,"Av. Gen. Olímpio Mourão Filho, 754 | Itapoã, Belo Horizonte – MG",Belo Horizonte,MG,-19.8297749,-43.9599273,https://cdb-static-files.s3.amazonaws.com/wp-content/uploads/2026/03/09112024/butiquimonceta_linguadobradacomchampignonepuredecouveflor_bh_2026_rodneycosta_unibh-4256.jpg,https://comidadibuteco.com.br/butecos/belo-horizonte/page/5/,https://comidadibuteco.com.br/buteco/butiquim-on-ce-ta/,"Língua Dobrada Língua com dobradinha bovina, pele suína e champignon. Acompanha: purê de couve-flor.",31991834727,Terça-feira: 17h – 23h | Quarta-feira: 17h – 23h | Quinta-feira: 17h – 23h | Sexta-feira: 17h – 23h | Sábado: 13h – 23h | Domingo: 12h – 20h,"https://www.google.com/maps/search/?api=1&query=Av. Gen. Olímpio Mourão Filho, 754 | Itapoã, Belo Horizonte - MG"
Café Palhares,"Rua dos Tupinambás, 638 | Centro, Belo Horizonte – MG",Belo Horizonte,MG,-19.9188101,-43.9345824,https://cdb-static-files.s3.amazonaws.com/wp-content/uploads/2026/03/09112026/cafepalhares_picadimdecarne_bh_2026_rodneycosta_unibh-4797.jpg,https://comidadibuteco.com.br/butecos/belo-horizonte/page/5/,https://comidadibuteco.com.br/buteco/3149-revision-v1/,"Picadim Picadinho de carne bovina, acompanhado de sunomono de talo de couve, torradas e finalizado com nuvem de queijo parmesão.",3132011841,Segunda-feira: 10h – 16h | Terça-feira: 10h – 16h | Quarta-feira: 10h – 16h | Quinta-feira: 10h – 16h | Sexta-feira: 10h – 16h | Sábado: 10h – 16h,"https://www.google.com/maps/search/?api=1&query=Rua dos Tupinambás, 638 | Centro, Belo Horizonte - MG"
Camisola Bar,"R. Luther King, 242 | Cidade Nova, Belo Horizonte – MG",Belo Horizonte,MG,-19.8926606,-43.9246059,https://cdb-static-files.s3.amazonaws.com/wp-content/uploads/2026/03/09112028/camisolabar_frangoraiz_bh_2026_vicentealexandre_unibh-3575.jpg,https://comidadibuteco.com.br/butecos/belo-horizonte/page/5/,https://comidadibuteco.com.br/buteco/camisola-bar/,Frango Raiz Sobrecoxa ensopada com ora-pro-nóbis e polenta.,31999486915,Terça-feira: 18h – 0h | Quarta-feira: 18h – 0h | Quinta-feira: 18h – 0h | Sexta-feira: 18h – 0h | Sábado: 12h – 0h | Domingo: 12h – 17h,"https://www.google.com/maps/search/?api=1&query=R. Luther King, 242 | Cidade Nova, Belo Horizonte - MG"
Cantina Arte Quintal,"R. Realengo, 150 | Caiçara, Belo Horizonte – MG",Belo Horizonte,MG,-19.9014096,-43.9756523,https://cdb-static-files.s3.amazonaws.com/wp-content/uploads/2026/03/09112030/cantinaartequintal_porcoatoladonalama_juliacristine_unibh-3312.jpg,https://comidadibuteco.com.br/butecos/belo-horizonte/page/5/,https://comidadibuteco.com.br/buteco/cantina-arte-quintal/,"Porco Atolado na Lama Carne e pé de porco, molho de tomate e cebola. Acompanha tempurá de ora-pro-nóbis, refogado de mostarda e creme de milho.",31999476695,Terça-feira: 18h – 23h | Quarta-feira: 18h – 23h | Quinta-feira: 18h – 23h | Sexta-feira: 17h – 23h | Sábado: 14h – 23h | Domingo: 14h – 23h,"https://www.google.com/maps/search/?api=1&query=R. Realengo, 150 | Caiçara, Belo Horizonte - MG"
Cantinho da Baiana,"R. Itaité, 422 | São Geraldo, Belo Horizonte – MG",Belo Horizonte,MG,-19.8980427,-43.8989349,https://cdb-static-files.s3.amazonaws.com/wp-content/uploads/2026/03/09112031/cantinhodabaiana_espiritodeporco_bh_2026_rodneycosta_unibh-4418.jpg,https://comidadibuteco.com.br/butecos/belo-horizonte/page/5/,https://comidadibuteco.com.br/buteco/cantinho-da-baiana/,Espírito de Porco Bisteca ao molho com purê de batata com alho-poró.,31997627848,Quarta-feira: 17h40 – 22h | Quinta-feira: 17h40 – 22h | Sexta-feira: 17h40 – 22h | Sábado: 13h40 – 22h | Domingo: 13h40 – 22h,"https://www.google.com/maps/search/?api=1&query=R. Itaité, 422 | São Geraldo, Belo Horizonte - MG"
Casa Mojubá,"Rua Mármore, 817 | Santa Tereza, Belo Horizonte – MG",Belo Horizonte,MG,-19.9162948,-43.9182816,https://cdb-static-files.s3.amazonaws.com/wp-content/uploads/2026/03/09112135/barcasamojuba_saborancestral_bh_2026_pauloti_unibh-4980.jpg,https://comidadibuteco.com.br/butecos/belo-horizonte/page/5/,https://comidadibuteco.com.br/buteco/casa-mojuba/,"Sabor Ancestral Charutinho de repolho-roxo recheado com ragu de pernil, acompanha creme de abóbora regado com glass de bacon e crispy de couve.",31992412771,Terça-feira: 17h – 23h30 | Quarta-feira: 17h – 23h30 | Quinta-feira: 17h – 23h30 | Sexta-feira: 17h – 23h30 | Sábado: 12h – 23h30 | Domingo: 12h – 21h,"https://www.google.com/maps/search/?api=1&query=Rua Mármore, 817 | Belo Horizonte - MG"
Chapa Mágica,"Av. Waldomiro Lobo, 305 | Guarani, Belo Horizonte – MG",Belo Horizonte,MG,-19.8463786,-43.9312696,https://cdb-static-files.s3.amazonaws.com/wp-content/uploads/2026/03/09112137/chapamagica_girodoaioporo_bh_2026_kaiqueamorim_unibh-3799.jpg,https://comidadibuteco.com.br/butecos/belo-horizonte/page/5/,https://comidadibuteco.com.br/buteco/chapa-magica/,"O Giro du Aio-Poró! Girassol de batatas assadas no azeite de ervas, frango desfiado com bacon, envolto em cream cheese e alho-poró e finalizado com queijo maçaricado.",31983677608,Segunda-feira: 11h – 0h | Terça-feira: 11h – 0h | Quarta-feira: 11h – 0h | Quinta-feira: 11h – 0h | Sexta-feira: 11h – 0h | Sábado: 11h – 0h | Domingo: 11h – 0h,"https://www.google.com/maps/search/?api=1&query=Av. Waldomiro Lobo, 305 | Guarani, Belo Horizonte - MG"
Choperia América Norte Sul,"R. Chico Rei, 190 | Estrela do Oriente, Belo Horizonte – MG",Belo Horizonte,MG,-19.9615872,-43.9847596,https://cdb-static-files.s3.amazonaws.com/wp-content/uploads/2026/03/09112138/choperiaamericanortesul_fonduedebuteco_bh_2026_julianunes_unibh-3674.jpg,https://comidadibuteco.com.br/butecos/belo-horizonte/page/5/,https://comidadibuteco.com.br/buteco/choperia-america-norte-sul/,"Fondue de Buteco Trouxinhas de bacon, lombo recheado com ricota e espinafre acompanhado de um fondue de queijos mineiros, abacaxi com molho agridoce.",31995922703,Terça-feira: 17h – 23h | Quarta-feira: 17h – 23h | Quinta-feira: 17h – 23h | Sexta-feira: 17h – 23h | Sábado: 13h – 23h | Domingo: 12h – 18h,"https://www.google.com/maps/search/?api=1&query=R. Chico Rei, 190 | Estrela do Oriente, Belo Horizonte - MG"
Chopp da Esquina,"R. Garret, 263 | Nova Granada, Belo Horizonte – MG",Belo Horizonte,MG,-19.9432796,-43.9684262,https://cdb-static-files.s3.amazonaws.com/wp-content/uploads/2026/03/09112140/choppdaesquina_sabornalata_bh_2026_rodneycosta_unibh-5096.jpg,https://comidadibuteco.com.br/butecos/belo-horizonte/page/5/,https://comidadibuteco.com.br/buteco/chopp-da-esquina/,"O Sabor na Lata Carne de lata suína, acompanhada de molho sugo com almeirão.",31971407790,Segunda-feira: 17h – 23h | Terça-feira: 17h – 23h | Quarta-feira: 17h – 23h | Quinta-feira: 17h – 23h | Sexta-feira: 17h – 23h | Sábado: 12h – 23h,"https://www.google.com/maps/search/?api=1&query=R. Garret, 263 | Nova Granada, Belo Horizonte - MG"
Cipoeiro Bar,"Rua Desembargador José Satyro, 451 | Castelo, Belo Horizonte – MG",Belo Horizonte,MG,-19.8886426,-43.9960496,https://cdb-static-files.s3.amazonaws.com/wp-content/uploads/2026/03/09112242/cipoeiro_linguicaestouradacipoeiro_bh_2026_rodneycosta_unibh-3437.jpg,https://comidadibuteco.com.br/butecos/belo-horizonte/page/5/,https://comidadibuteco.com.br/buteco/cipoeiro-bar/,"Linguiça Estourada Cipoeiro Linguiça estourada com pimenta-biquinho, acompanhada de angu de milho-verde frito, ora-pro-nóbis e geleia de goiabada.",3187654361,Terça-feira: 17h – 22h30 | Quarta-feira: 17h – 22h30 | Quinta-feira: 17h – 22h30 | Sexta-feira: 17h – 23h30 | Sábado: 11h – 23h30 | Domingo: 11h – 18h30,"https://www.google.com/maps/search/?api=1&query=Rua Desembargador José Satyro, 451 | Belo Horizonte - MG"
Comida & Prosa,"Av. Francisco Sá, 306 | Prado, Belo Horizonte – MG",Belo Horizonte,MG,-19.928111,-43.9596885,https://cdb-static-files.s3.amazonaws.com/wp-content/uploads/2026/03/09112243/comidaeprosa_rabadaembriagada_ludmylasandrin_unibh-3894.jpg,https://comidadibuteco.com.br/butecos/belo-horizonte/page/5/,https://comidadibuteco.com.br/buteco/comida-prosa/,Rabada Embriagada Rabada ao vinho com agrião e batata.,31996175584,Terça-feira: 17h – 0h | Quarta-feira: 17h – 0h | Quinta-feira: 17h – 0h | Sexta-feira: 17h – 0h | Sábado: 17h – 0h | Domingo: 17h – 0h,"https://www.google.com/maps/search/?api=1&query=Av. Francisco Sá, 306 | Belo Horizonte - MG"
Companhia do Dino,"Avenida Joaquim Clemente, 682 | Floramar, Belo Horizonte – MG",Belo Horizonte,MG,-19.8396478,-43.9332774,https://cdb-static-files.s3.amazonaws.com/wp-content/uploads/2026/03/09112245/campanhiadodino_pescocodeboidodino_rodneycosta_unibh-3209.jpg,https://comidadibuteco.com.br/butecos/belo-horizonte/page/6/,https://comidadibuteco.com.br/buteco/companhia-do-dino/,Pescoço do Dino Pescoço de boi com farofa de alho e brócolis no vapor.,31993418788,Terça-feira: 17h – 23h | Quarta-feira: 17h – 23h | Quinta-feira: 17h – 23h | Sexta-feira: 17h – 23h | Sábado: 11h – 23h | Domingo: 11h – 16h,"https://www.google.com/maps/search/?api=1&query=Avenida Joaquim Clemente, 682 | Floramar, Belo Horizonte - MG"
Conectados Bar,"Av. Francisco Sá, 280 | Prado, Belo Horizonte – MG",Belo Horizonte,MG,-19.9256238,-43.9594321,https://cdb-static-files.s3.amazonaws.com/wp-content/uploads/2026/03/09112247/conectadosbar_couvefloracervejeira_bh_2026_rodneycosta_unibh-5113.jpg,https://comidadibuteco.com.br/butecos/belo-horizonte/page/6/,https://comidadibuteco.com.br/buteco/conectados-bar/,"Couve-flor á cervejeira Paleta cozida na cerveja preta, com calabresa e champignon, acompanhada de purê de couve-flor.",313568813031996381822,Terça-feira: 17h – 23h30 | Quarta-feira: 17h – 23h30 | Quinta-feira: 17h – 23h30 | Sexta-feira: 17h – 23h30 | Sábado: 15h – 23h30 | Domingo: 15h – 22h30,"https://www.google.com/maps/search/?api=1&query=Av. Francisco Sá, 280 | Prado, Belo Horizonte - MG"
COSMOS,"R. Vicente Risola, 1305 | Santa Inês, Belo Horizonte – MG",Belo Horizonte,MG,-19.8916887,-43.9083866,https://cdb-static-files.s3.amazonaws.com/wp-content/uploads/2026/03/09112249/cosmos_firmamento_bh_2026_julianunes_unibh-3756.jpg,https://comidadibuteco.com.br/butecos/belo-horizonte/page/6/,https://comidadibuteco.com.br/buteco/cosmos/,"Firmamento Carne de porco, farofa de couve, tiras de bacon e molho de geleia de abacaxi com pimenta.",31991203515,Terça-feira: 17h – 23h | Quarta-feira: 17h – 23h | Quinta-feira: 17h – 23h | Sexta-feira: 17h – 23h | Sábado: 17h – 23h | Domingo: 11h – 16h,"https://www.google.com/maps/search/?api=1&query=R. Vicente Risola, 1305 | Santa Inês, Belo Horizonte - MG"
Deck Boi na Brasa,"R. Desembargador José Satyro, 302 | Manacás, Belo Horizonte – MG",Belo Horizonte,MG,,,https://cdb-static-files.s3.amazonaws.com/wp-content/uploads/2026/03/09112350/deckboibabrasa_glugluabaiana_bh_2026_pauloti_unibh-4994.jpg,https://comidadibuteco.com.br/butecos/belo-horizonte/page/6/,https://comidadibuteco.com.br/buteco/deck-boi-na-brasa/,Glu Glu à Baiana Pescoço de peru à baiana.,31971830748,Terça-feira: 17h – 23h45 | Quarta-feira: 17h – 23h45 | Quinta-feira: 17h – 23h45 | Sexta-feira: 17h – 23h45 | Sábado: 17h – 23h45 | Domingo: 17h – 22h,"https://www.google.com/maps/search/?api=1&query=R. Desembargador José Satyro, 302 | Manacás, Belo Horizonte - MG"
Dona Dora,"R. Rio de Janeiro, 1205 | Centro, Belo Horizonte – MG",Belo Horizonte,MG,-19.914944,-43.9374987,https://cdb-static-files.s3.amazonaws.com/wp-content/uploads/2026/03/09112352/donadora_giragosto_bh_2026_pauloti_unibh-4112.jpg,https://comidadibuteco.com.br/butecos/belo-horizonte/page/6/,https://comidadibuteco.com.br/buteco/dona-dora/,"Gira Gosto Bolinho crocante de espinafre, recheado de costelinha e queijo. Acompanha molho de alho e geleia de abacaxi picante.",31992278879,Segunda-feira: 17h – 23h | Terça-feira: 17h – 23h | Quarta-feira: 17h – 23h | Quinta-feira: 17h – 23h | Sexta-feira: 17h – 23h | Sábado: 17h – 23h,"https://www.google.com/maps/search/?api=1&query=R. Rio de Janeiro, 1205 | Centro, Belo Horizonte - MG"
Dona Ju Gastro Bar,"Rua dos Borges, 1520 | Jardim Vitória, Belo Horizonte – MG",Belo Horizonte,MG,-19.8517855,-43.8879409,https://cdb-static-files.s3.amazonaws.com/wp-content/uploads/2026/03/09112354/donajugastrobar_coisadevo_isaquerodrigues_unibh-3289.jpg,https://comidadibuteco.com.br/butecos/belo-horizonte/page/6/,https://comidadibuteco.com.br/buteco/dona-ju-gastro-bar/,Coisa de Vó Pescoço de boi (acém) marinado. Acompanhado de couve-flor com molho branco especial e fios de alho-poró frito.,31992534428,Terça-feira: 17h – 23h | Quarta-feira: 17h – 23h | Quinta-feira: 17h – 23h | Sexta-feira: 17h – 23h | Sábado: 11h – 23h | Domingo: 11h – 22h,"https://www.google.com/maps/search/?api=1&query=Rua dos Borges, 1520 | Jardim Vitória, Belo Horizonte - MG"
Dona Suica,"Av. João Samaha, 390 | São João Batista (Venda Nova), Belo Horizonte – MG",Belo Horizonte,MG,-19.8204997,-43.9675696,https://cdb-static-files.s3.amazonaws.com/wp-content/uploads/2026/03/09112356/donasuica_porodegalaecostelanapanela_bh_2026_rodneycosta_unibh-4460.jpg,https://comidadibuteco.com.br/butecos/belo-horizonte/page/6/,https://comidadibuteco.com.br/buteco/3157-revision-v1/,"Poró de Gala e Costela na Panela Costelinha suína de panela, servida com purê de batata ao alho-poró e queijo gratinado, acompanhada de barbecue mineiro.",31992939701,Terça-feira: 18h – 23h30 | Quarta-feira: 18h – 23h30 | Quinta-feira: 18h – 23h30 | Sexta-feira: 18h – 23h30 | Sábado: 12h – 23h30 | Domingo: 12h – 21h30,"https://www.google.com/maps/search/?api=1&query=Av. João Samaha, 390 | São João Batista (Venda Nova), Belo Horizonte - MG"
Empório Laís,"Rua Olavo Andrade, 195 | Cachoeirinha, Belo Horizonte – MG",Belo Horizonte,MG,-19.8900825,-43.9468716,https://cdb-static-files.s3.amazonaws.com/wp-content/uploads/2026/03/09112357/emporiolais_sanhodesalsa_bh_206_pauloti_unibh-5026.jpg,https://comidadibuteco.com.br/butecos/belo-horizonte/page/6/,https://comidadibuteco.com.br/buteco/emporio-lais/,Sonho de Salsa Bombom salgado com o sabor e o frescor da salsa e molho de alho com beterraba.,31988029200,Terça-feira: 18h – 23h30 | Quarta-feira: 18h – 23h30 | Quinta-feira: 18h – 23h30 | Sexta-feira: 18h – 23h30 | Sábado: 18h – 23h30,"https://www.google.com/maps/search/?api=1&query=Rua Olavo Andrade, 195 | Belo Horizonte - MG"
Espetinho do Boi,"R. São Paulo da Cruz, 357 | Barreiro, Belo Horizonte – MG",Belo Horizonte,MG,-19.9810622,-44.0133834,https://cdb-static-files.s3.amazonaws.com/wp-content/uploads/2026/03/09112459/espetinhodoboi_oraproboi_bh_2026_pauloti_unibh-4969.jpg,https://comidadibuteco.com.br/butecos/belo-horizonte/page/6/,https://comidadibuteco.com.br/buteco/espetinho-do-boi/,"Ora pro Boi Coxão mole, purê de batata e ora-pro-nóbis.",31997725503,Terça-feira: 17h – 23h | Quarta-feira: 17h – 23h | Quinta-feira: 17h – 23h | Sexta-feira: 17h – 23h | Sábado: 14h – 22h,"https://www.google.com/maps/search/?api=1&query=R. São Paulo da Cruz, 357 | Barreiro, Belo Horizonte - MG"
Espetinho do Tilias,"Praça Manoel Batista Baía, 235 | Mantiqueira, Belo Horizonte – MG",Belo Horizonte,MG,-19.8000554,-43.9839421,https://cdb-static-files.s3.amazonaws.com/wp-content/uploads/2026/03/09112501/espetinhodotilias_vacaloucanahorta_bh_2026_rodneycosta_unibh-3561.jpg,https://comidadibuteco.com.br/butecos/belo-horizonte/page/6/,https://comidadibuteco.com.br/buteco/espetinho-do-tilias/,"Vaca Louca Na Horta Acém com osso, servido com purê de couve-flor, regado com aromático pesto de alho-poró e finalizado com couve crispy. Acompanha torradas de alho-poró.",3132840063,Terça-feira: 17h – 23h30 | Quarta-feira: 17h – 23h30 | Quinta-feira: 17h – 23h30 | Sexta-feira: 17h – 0h | Sábado: 12h – 0h | Domingo: 12h – 23h30,"https://www.google.com/maps/search/?api=1&query=Praça Manoel Batista Baía, 235 | Belo Horizonte - MG"
Espetinho Rei e Família,"Av. Guarapari, 1281 | Santa Amélia, Belo Horizonte – MG",Belo Horizonte,MG,-19.8400936,-43.9776251,https://cdb-static-files.s3.amazonaws.com/wp-content/uploads/2026/03/09112503/espetinhoreiefamilia_musconobes_bh_2026_rodneycosta_unibh-4218.jpg,https://comidadibuteco.com.br/butecos/belo-horizonte/page/6/,https://comidadibuteco.com.br/buteco/espetinho-rei-e-familia/,"Musconóbis Músculo, acompanhado de polenta e ora-pro-nóbis.",3135672474,Terça-feira: 17h – 23h | Quarta-feira: 17h – 23h | Quinta-feira: 17h – 23h | Sexta-feira: 17h – 23h | Sábado: 11h – 23h | Domingo: 11h – 17h,"https://www.google.com/maps/search/?api=1&query=Av. Guarapari, 1281 | Belo Horizonte - MG"
Espetinho São Pedro QUIÓ,"Rua Cristina, 870 | São Pedro, Belo Horizonte – MG",Belo Horizonte,MG,-19.9481585,-43.9313917,https://cdb-static-files.s3.amazonaws.com/wp-content/uploads/2026/03/09112504/espetinhosaopedroquio_vulcaonooasisquio_bh_2026_rodneycosta_unibh-4430.jpg,https://comidadibuteco.com.br/butecos/belo-horizonte/page/6/,https://comidadibuteco.com.br/buteco/espetinho-sao-pedro-quio/,"Vulcão oásis Quió Disco de carne recheada com creme de rúcula, guarnecido de polenta mole, molho da casa, mostarda crocante.",,Terça a sexta de 17:00 às 23:00 e sábado de 15:00 às 21:00,"https://www.google.com/maps/search/?api=1&query=Rua Cristina, 870 | Belo Horizonte - MG"
Espettinho.com,"R. Eli Seabra Filho, 510 | Buritis, Belo Horizonte – MG",Belo Horizonte,MG,-19.9755467,-43.9723465,https://cdb-static-files.s3.amazonaws.com/wp-content/uploads/2026/03/09112506/espettinho.com_moeladatia_bh_2026_rodneycosta_unibh-4452.jpg,https://comidadibuteco.com.br/butecos/belo-horizonte/page/7/,https://comidadibuteco.com.br/buteco/espetinho-com/,"""Moela da Tia"" Moela ao molho de tomate caseiro e alho-poró. Temperada com bacon e páprica defumada. Acompanhada de minipães franceses e cheiro-verde.",3499915700031999152800,Terça-feira: 11h – 23h30 | Quarta-feira: 11h – 23h30 | Quinta-feira: 11h – 23h30 | Sexta-feira: 11h – 23h30 | Sábado: 11h – 23h30 | Domingo: 11h – 21h30,"https://www.google.com/maps/search/?api=1&query=R. Eli Seabra Filho, 510 | Buritis, Belo Horizonte - MG"
Galpão Flor do Campo,"Rua Coronel Otávio Diniz, 449 | Santa Efigênia, Belo Horizonte – MG",Belo Horizonte,MG,-19.916345,-43.9073823,https://cdb-static-files.s3.amazonaws.com/wp-content/uploads/2026/03/09112608/galpaoflordocampo_espinafrouatrouxinha_bh_2026_rodneycosta_unibh-3862.jpg,https://comidadibuteco.com.br/butecos/belo-horizonte/page/7/,https://comidadibuteco.com.br/buteco/galpao-flor-do-campo/,"Espinafrou a Trouxinha Trouxinha de lombo recheada com espinafre, ricota e abacaxi, acompanhada de bolinho de espinafre com ricota e molho da redução do caldo da carne (demi-glace).",31991159252,Quarta-feira: 18h – 0h | Quinta-feira: 18h – 0h | Sexta-feira: 18h – 0h | Sábado: 18h – 0h | Domingo: 12h – 18h,"https://www.google.com/maps/search/?api=1&query=Rua Coronel Otávio Diniz, 449 | Belo Horizonte - MG"
Garagge Vintage,"Av. Doutor Cristiano Guimarães, 1258 | Planalto, Belo Horizonte – MG",Belo Horizonte,MG,-19.8315762,-43.9547337,https://cdb-static-files.s3.amazonaws.com/wp-content/uploads/2026/03/09112610/garaggevintage_seriodobar_bh_2026_kaiqueamorim_unibh-3686.jpg,https://comidadibuteco.com.br/butecos/belo-horizonte/page/7/,https://comidadibuteco.com.br/buteco/garagge-vintage/,"Sereia do Bar Tiras de tilápia empanadas com gergelim, purê de batata com espinafre, cebola ao suco de morango e molho especial.",31999778888,Segunda-feira: 17h – 23h | Terça-feira: 17h – 23h | Quarta-feira: 17h – 23h | Quinta-feira: 17h – 23h | Sexta-feira: 17h – 0h | Sábado: 11h – 0h | Domingo: 11h – 22h,"https://www.google.com/maps/search/?api=1&query=Av. Doutor Cristiano Guimarães, 1258 | Planalto, Belo Horizonte - MG"
Geraldin da Cida,"Rua Contria, 1459 | Grajaú, Belo Horizonte – MG",Belo Horizonte,MG,-19.936342,-43.968268,https://cdb-static-files.s3.amazonaws.com/wp-content/uploads/2026/02/12060043/cdb26_kv.png,https://comidadibuteco.com.br/butecos/belo-horizonte/page/7/,https://comidadibuteco.com.br/buteco/geraldin-da-cida/,"Costelinha do Papai Costelinha suada, farofa de milho com bacon acompanhado de almeirão refogado.",31998322265,"Terça, das 16h às 23h | Quarta, das 16h às 23h | Quinta, das 16h às 23h | Sexta, das 16h às 23h | Sábado, das 11h às 20h | Domingo, das 11h às 19h |","https://www.google.com/maps/search/?api=1&query=Rua Contria, 1459 | Grajaú, Belo Horizonte - MG"
Golden Grill,"R. Amílcar Cabral, 515 | Milionários, Belo Horizonte – MG",Belo Horizonte,MG,-19.9846453,-44.0031641,https://cdb-static-files.s3.amazonaws.com/wp-content/uploads/2026/03/09112612/goldengrill_coxasuprimeaoalhoporo_bh_2026_rodneycosta_unibh-4571.jpg,https://comidadibuteco.com.br/butecos/belo-horizonte/page/7/,https://comidadibuteco.com.br/buteco/golden-grill/,"Coxa Supreme ao Alho-Poró Coxa de frango recheada com cream cheese e alho-poró, servida com um molho especial da casa.",31999695281,Terça-feira: 18h – 23h30 | Quarta-feira: 18h – 23h30 | Quinta-feira: 18h – 23h30 | Sexta-feira: 18h – 23h30 | Sábado: 18h – 23h30 | Domingo: 18h – 23h30,"https://www.google.com/maps/search/?api=1&query=R. Amílcar Cabral, 515 | Milionários, Belo Horizonte - MG"
Graffica Bar,"Av. Augusto de Lima, 233 – Varanda | Centro, Belo Horizonte – MG",Belo Horizonte,MG,-19.9248113,-43.9375775,https://cdb-static-files.s3.amazonaws.com/wp-content/uploads/2026/03/09112614/grafficabar_bolmcomnobris_bh_2026_pauloamorim_unibh-3381.jpg,https://comidadibuteco.com.br/butecos/belo-horizonte/page/7/,https://comidadibuteco.com.br/buteco/graffica-bar/,"Bolim com Nóbis Bolinho de mandioca com linguiça calabresa, com molho pesto de ora-pro-nóbis.",31971412929,Segunda-feira: 16h – 23h30 | Terça-feira: 16h – 23h30 | Quarta-feira: 16h – 23h30 | Quinta-feira: 16h – 23h30 | Sexta-feira: 16h – 23h30 | Sábado: 12h – 23h30,"https://www.google.com/maps/search/?api=1&query=Av. Augusto de Lima, 233| Belo Horizonte - MG"
Iracema bar,"R. Almandina, 56 | Santa Teresa, Belo Horizonte – MG",Belo Horizonte,MG,,,https://cdb-static-files.s3.amazonaws.com/wp-content/uploads/2026/03/09112615/iracema_moelaaomolhocompeixinhodahortapronadar_bh_2026_pauloti_unibh-4030.jpg,https://comidadibuteco.com.br/butecos/belo-horizonte/page/7/,https://comidadibuteco.com.br/buteco/iracema-bar/,Moela ao molho com peixinho da horta pra nadar! Moelinha ao molho acompanhada de crocantes folhas de peixinho da horta empanadas e fritas.,31982707732,Quarta-feira: 18h – 0h | Quinta-feira: 18h – 0h | Sexta-feira: 18h – 0h | Sábado: 12h – 0h | Domingo: 12h – 19h,"https://www.google.com/maps/search/?api=1&query=R. Almandina, 56 | Santa Teresa, Belo Horizonte - MG"
Ivo Grill,"Rua Professor Tristão da Cunha, 183 | Planalto, Belo Horizonte – MG",Belo Horizonte,MG,-19.838757,-43.9464948,https://cdb-static-files.s3.amazonaws.com/wp-content/uploads/2026/03/09112717/ivogrill_ivoqueioporco_bh_2026_joaovictor_unibh-3950.jpg,https://comidadibuteco.com.br/butecos/belo-horizonte/page/7/,https://comidadibuteco.com.br/buteco/ivo-grill/,IVOquei o Porco Bolinho de linguiça recheado com couve e queijo. Acompanha molho da casa.,3130470171,Terça-feira: 11h – 23h | Quarta-feira: 11h – 23h | Quinta-feira: 11h – 23h | Sexta-feira: 11h – 23h | Sábado: 11h – 23h | Domingo: 11h – 18h,"https://www.google.com/maps/search/?api=1&query=Rua Professor Tristão da Cunha, 183 | Planalto, Belo Horizonte - MG"
Já Tô Inno,"R. Benjamim Dias, 379 | Barreiro, Belo Horizonte – MG",Belo Horizonte,MG,,,https://cdb-static-files.s3.amazonaws.com/wp-content/uploads/2026/03/09112719/jatoindo_tremdeminas_bh_2026_pauloti_unibh-5234.jpg,https://comidadibuteco.com.br/butecos/belo-horizonte/page/7/,https://comidadibuteco.com.br/buteco/3165-revision-v1/,"Trem de Minas Hot de copa lombo recheado com agrião, pancetta. Acompanhado de molho especial.",3133841198,Segunda-feira: 17h30 – 23h30 | Terça-feira: 17h30 – 23h30 | Quarta-feira: 17h30 – 23h30 | Quinta-feira: 17h30 – 23h30 | Sexta-feira: 17h30 – 23h30 | Sábado: 12h – 23h,"https://www.google.com/maps/search/?api=1&query=R. Benjamim Dias, 379 | Barreiro, Belo Horizonte - MG"
Juzé Bar,"R. Carlos Sá, 180| Jardim Atlântico, Belo Horizonte – MG",Belo Horizonte,MG,-19.8414871,-43.9890445,https://cdb-static-files.s3.amazonaws.com/wp-content/uploads/2026/03/09112721/juzebar_charutofumacaefarofa_bh_2026_pauloti_unibh-3959.jpg,https://comidadibuteco.com.br/butecos/belo-horizonte/page/7/,https://comidadibuteco.com.br/buteco/juze-bar/,"Charuto, Fumaça e Farofa Charuto de repolho com carne moída no molho de tomate caseiro, manjericão e farofa de banana-da-terra.",31989025128,Terça-feira: 17h – 23h | Quarta-feira: 17h – 23h | Quinta-feira: 17h – 23h | Sexta-feira: 17h – 23h | Sábado: 12h – 23h | Domingo: 12h – 20h,"https://www.google.com/maps/search/?api=1&query=R. Carlos Sá, 180| Jardim Atlântico, Belo Horizonte - MG"
Köbes Emporium Bar,"R. Professor Raimundo Nonato, 31 – A | Santa Tereza, Belo Horizonte – MG",Belo Horizonte,MG,-19.9104906,-43.9160165,https://cdb-static-files.s3.amazonaws.com/wp-content/uploads/2026/03/09112724/kobesemporiumbar_prosaverdeeroxa_bh_2026_rodneycosta_unibh-4146.jpg,https://comidadibuteco.com.br/butecos/belo-horizonte/page/7/,https://comidadibuteco.com.br/buteco/kobes-emporium-bar/,Prosa Verde e Roxa Almôndega aberta na chapa com repolho ao vinho e molho de alface.,3134676661,Terça-feira: 18h – 23h | Quarta-feira: 18h – 23h | Quinta-feira: 18h – 23h | Sexta-feira: 18h – 23h | Sábado: 12h – 23h | Domingo: 12h – 17h,"https://www.google.com/maps/search/?api=1&query=R. Professor Raimundo Nonato, 31 - A | Santa Tereza, Belo Horizonte - MG"
Koqueiros Bar,"Av. Silviano Brandão, 1293 | Sagrada Família, Belo Horizonte – MG",Belo Horizonte,MG,-19.9075227,-43.9293974,https://cdb-static-files.s3.amazonaws.com/wp-content/uploads/2026/03/09112722/koqueirosbar_kostelinhatropical_bh_2026_juliacristine_unibh-3514.jpg,https://comidadibuteco.com.br/butecos/belo-horizonte/page/7/,https://comidadibuteco.com.br/buteco/3169-revision-v1/,"Kostelinha Tropical Costelinha suína, acompanhada de repolho-roxo refogado na manteiga com amendoim torrado e farofa de banana com alho-poró.",3125107025,Terça-feira: 18h – 23h | Quarta-feira: 18h – 23h | Quinta-feira: 18h – 23h | Sexta-feira: 18h – 23h30 | Sábado: 14h – 23h30 | Domingo: 14h – 18h,"https://www.google.com/maps/search/?api=1&query=Av. Silviano Brandão, 1293 | Sagrada Família, Belo Horizonte - MG"
Leo da Quadra,"R. Oliveira Lisboa, 107 | Barreiro, Belo Horizonte – MG",Belo Horizonte,MG,-19.9761639,-44.0131047,https://cdb-static-files.s3.amazonaws.com/wp-content/uploads/2026/03/09112825/leodaquadra_dijuei_bh_2026_pauloti_unibh-4097.jpg,https://comidadibuteco.com.br/butecos/belo-horizonte/page/8/,https://comidadibuteco.com.br/buteco/leo-da-quadra/,"Di Juei Joelho de porco em postas, mergulhado na canjiquinha com bacon e taioba na manteiga.",31996739688,Terça-feira: 18h – 23h30 | Quarta-feira: 18h – 23h30 | Quinta-feira: 18h – 23h30 | Sexta-feira: 18h – 23h30 | Sábado: 12h – 23h | Domingo: 12h – 17h,"https://www.google.com/maps/search/?api=1&query=R. Oliveira Lisboa, 107 | Barreiro, Belo Horizonte - MG"
Locomotivas Bar,"R. Carmésia, 568 | Santa Inês, Belo Horizonte – MG",Belo Horizonte,MG,-19.8902344,-43.9078323,https://cdb-static-files.s3.amazonaws.com/wp-content/uploads/2026/03/09112827/locomotivasbar_porkimpopeye_bh_2026_rodneycosta_unibh-4302.jpg,https://comidadibuteco.com.br/butecos/belo-horizonte/page/8/,https://comidadibuteco.com.br/buteco/locomotivas-bar/,"Porkin do Popeye Croquete de barriga suína, recheada com mix de espinafre e provolone. Acompanha: chimichurri de lemon pepper.",31991773039,Terça-feira: 17h – 23h | Quarta-feira: 17h – 23h | Quinta-feira: 17h – 23h | Sexta-feira: 17h – 23h | Sábado: 14h – 22h | Domingo: 12h – 19h,"https://www.google.com/maps/search/?api=1&query=R. Carmésia, 568 | Santa Inês, Belo Horizonte - MG"
Magnífico Quintal,"R. Doutor Jefferson de Oliveira, 56 | Santa Amélia, Belo Horizonte – MG",Belo Horizonte,MG,-19.8421348,-43.9759104,https://cdb-static-files.s3.amazonaws.com/wp-content/uploads/2026/03/09112829/magnificoquintal_costelanasombradacouve_bh_2026_rodneycosta_unibh-4286.jpg,https://comidadibuteco.com.br/butecos/belo-horizonte/page/8/,https://comidadibuteco.com.br/buteco/magnifico-quintal/,"Costela na sombra da couve Costela assada ao barbecue de goiabada, farofa de couve com bacon finalizada no crispy de couve e aligot de batata.",31999882311,Segunda-feira: 17h – 23h30 | Terça-feira: 17h – 23h30 | Quarta-feira: 17h – 23h30 | Quinta-feira: 17h – 23h30 | Sexta-feira: 17h – 1h30 | Sábado: 16h – 1h30 | Domingo: 15h – 22h,"https://www.google.com/maps/search/?api=1&query=R. Doutor Jefferson de Oliveira, 56 | Santa Amélia, Belo Horizonte - MG"
Magrelo's bar,"Av. Serrana, 635 | Serrano, Belo Horizonte – MG",Belo Horizonte,MG,-19.8808275,-44.0115442,https://cdb-static-files.s3.amazonaws.com/wp-content/uploads/2026/03/09112830/magrelosbar_avacanovinho_bh_2026_isaquerodrigues_unibh-3716.jpg,https://comidadibuteco.com.br/butecos/belo-horizonte/page/8/,https://comidadibuteco.com.br/buteco/magrelos-bar/,A Vaca no Vinho Costela ao vinho com bamba de couve.,319983889983134750113,Terça-feira: 17h – 23h | Quarta-feira: 17h – 23h | Quinta-feira: 17h – 23h | Sexta-feira: 17h – 0h | Sábado: 17h – 0h | Domingo: 15h – 21h,"https://www.google.com/maps/search/?api=1&query=Av. Serrana, 635 | Belo Horizonte - MG"
Mamute Bar,"R. Brás Cubas, 116 | Cruzeiro, Belo Horizonte – MG",Belo Horizonte,MG,-19.9443858,-43.9282398,https://cdb-static-files.s3.amazonaws.com/wp-content/uploads/2026/03/09112832/mamute_provaprocevecriatura_bh_2026_rodneycosta_unibh-3876.jpg,https://comidadibuteco.com.br/butecos/belo-horizonte/page/8/,https://comidadibuteco.com.br/buteco/mamute-gastrobar/,"Prova procê vê, criatura Canudo de pastel, recheado de rabada e requeijão de raspa com maionese de agrião.",31984033247,Terça-feira: 17h – 22h | Quarta-feira: 17h – 22h | Quinta-feira: 17h – 22h | Sexta-feira: 17h – 22h | Sábado: 12h – 22h | Domingo: 12h – 18h,"https://www.google.com/maps/search/?api=1&query=R. Brás Cubas, 116 | Cruzeiro, Belo Horizonte - MG"
Mineiros Beer,"R. Romualdo Lopes Cançado, 399 | Castelo, Belo Horizonte – MG",Belo Horizonte,MG,-19.8922011,-43.9963744,https://cdb-static-files.s3.amazonaws.com/wp-content/uploads/2026/03/09112935/mineirobeer_talentomineiro_bh_2026_julianunes_unibh-3702.jpg,https://comidadibuteco.com.br/butecos/belo-horizonte/page/8/,https://comidadibuteco.com.br/buteco/mineiros-beer/,"Talento Mineiro Angu, carne de porco braseada e couve refogada no azeite e alho.",3121273503,Segunda-feira: 11h – 15h | Terça-feira: 11h – 15h e 18h – 23h | Quarta-feira: 11h – 15h e 18h – 23h | Quinta-feira: 11h – 15h e 18h – 23h | Sexta-feira: 11h – 15h e 18h – 23h | Sábado: 11h – 16h e 18h – 23h | Domingo: 11h – 16h,"https://www.google.com/maps/search/?api=1&query=R. Romualdo Lopes Cançado, 399 | Castelo, Belo Horizonte - MG"
Mulão,"R. Marambaia, 291 | Caiçara, Belo Horizonte – MG",Belo Horizonte,MG,-19.9090992,-43.9683517,https://cdb-static-files.s3.amazonaws.com/wp-content/uploads/2026/03/09112937/mulao_botoxmineiro_bh_2026_rodneycosta_unibh-4240.jpg,https://comidadibuteco.com.br/butecos/belo-horizonte/page/8/,https://comidadibuteco.com.br/buteco/3177-revision-v1/,Botox Mineiro Pé de galinha ensopado com angu de moinho de pedra e farofa de banana-da-terra e almeirão.,3134126505,Segunda-feira: 17h – 0h | Terça-feira: 17h – 0h | Quarta-feira: 17h – 0h | Quinta-feira: 17h – 0h | Sexta-feira: 17h – 0h | Sábado: 11h – 0h,"https://www.google.com/maps/search/?api=1&query=R. Marambaia, 291 | Caiçara, Belo Horizonte - MG"
Nosso Spetim,"Rua dos Astecas, 3219 | Santa Mônica, Belo Horizonte – MG",Belo Horizonte,MG,-19.8317919,-43.9768669,https://cdb-static-files.s3.amazonaws.com/wp-content/uploads/2026/03/09112938/nossospetim_minasnoprato_bh_2026_pauloti_unibh-4755.jpg,https://comidadibuteco.com.br/butecos/belo-horizonte/page/8/,https://comidadibuteco.com.br/buteco/nosso-spetim/,"Minas no Prato Angu cremoso servido com suã ao molho com bacon e linguiça calabresa, alho-poró e queijo, acompanhado de mostarda refogada e espetinho de torresmo de barriga crocante.",31987079188,Segunda-feira: 18h – 0h | Terça-feira: 18h – 0h | Quarta-feira: 18h – 0h | Quinta-feira: 18h – 0h | Sexta-feira: 18h – 0h | Sábado: 18h – 0h,"https://www.google.com/maps/search/?api=1&query=Rua dos Astecas, 3219 | Santa Mônica, Belo Horizonte - MG"
NUBAR,"Avenida dos Engenheiros, 843 | Alípio de Melo, Belo Horizonte – MG",Belo Horizonte,MG,-19.8909945,-43.9999259,https://cdb-static-files.s3.amazonaws.com/wp-content/uploads/2026/03/09112940/nubar_trembaodepanela_bh_2026_rodneycosta_unibh-4398.jpg,https://comidadibuteco.com.br/butecos/belo-horizonte/page/8/,https://comidadibuteco.com.br/buteco/nubar/,"Trem bão de panela Maçã de peito cozida com batata, cebola e linguiça calabresa, acompanhada de torradas e conserva de acelga.",31991979908,Segunda-feira: 16h – 23h | Quarta-feira: 16h – 23h | Quinta-feira: 16h – 23h | Sexta-feira: 16h – 0h | Sábado: 16h – 0h | Domingo: 12h – 18h,"https://www.google.com/maps/search/?api=1&query=Avenida dos Engenheiros, 843 | Belo Horizonte - MG"
O Fino do Alho,"R. Capitão Sérgio Pires, 41 | Minascaixa, Belo Horizonte – MG",Belo Horizonte,MG,-19.8066128,-43.9563356,https://cdb-static-files.s3.amazonaws.com/wp-content/uploads/2026/03/09112941/ofinodoalho_ossobucodisua_bh_2026_isaquerodrigues_unibh-3603.jpg,https://comidadibuteco.com.br/butecos/belo-horizonte/page/8/,https://comidadibuteco.com.br/buteco/o-fino-do-alho/,Osôbuco di suá Ossobuco suíno com ora-pro-nóbis na polenta com queijo coalho e cebola mais alho no vinagrete.,31988275391,Segunda-feira: 17h30 – 0h | Terça-feira: 17h30 – 0h | Quarta-feira: 17h30 – 0h | Quinta-feira: 17h30 – 0h | Sexta-feira: 17h30 – 1h | Sábado: 17h30 – 1h | Domingo: 17h30 – 0h,"https://www.google.com/maps/search/?api=1&query=R. Capitão Sérgio Pires, 41 | Minascaixa, Belo Horizonte - MG"
Oratório Bar,"Av. Brasil, 161 | Santa Efigênia, Belo Horizonte – MG",Belo Horizonte,MG,-19.9237479,-43.9208373,https://cdb-static-files.s3.amazonaws.com/wp-content/uploads/2026/03/09113043/oratoriobar_lambuzado_bh_2026_rodneycosta_unibh-4675.jpg,https://comidadibuteco.com.br/butecos/belo-horizonte/page/8/,https://comidadibuteco.com.br/buteco/oratorio-bar/,Lambuzado Pernil de porco com agrião fresco e batata bolinha. Acompanhado de torradas da casa.,3132417112,Segunda-feira: 18h – 0h | Terça-feira: 18h – 0h | Quarta-feira: 18h – 0h | Quinta-feira: 18h – 0h | Sexta-feira: 18h – 0h | Sábado: 12h – 0h,"https://www.google.com/maps/search/?api=1&query=Av. Brasil, 161 | Santa Efigênia, Belo Horizonte - MG"
Parada 10.95 Bar,"Avenida dos Engenheiros, 1095 | Alípio de Melo, Belo Horizonte – MG",Belo Horizonte,MG,-19.8866539,-44.0049792,https://cdb-static-files.s3.amazonaws.com/wp-content/uploads/2026/03/09113045/parada1095_locroporminas_bh_2026_rodneycosta_unibh-3929.jpg,https://comidadibuteco.com.br/butecos/belo-horizonte/page/8/,https://comidadibuteco.com.br/buteco/parada-10-95-bar/,"Locro por Minas Pé de porco e orelha, milho de canjica, galinha e ora-pro-nóbis.",31997001095,Segunda-feira: 11h30 – 14h30 | Terça-feira: 11h30 – 23h | Quarta-feira: 11h30 – 23h | Quinta-feira: 11h30 – 23h | Sexta-feira: 11h30 – 23h | Sábado: 12h – 23h | Domingo: 12h – 20h,"https://www.google.com/maps/search/?api=1&query=Avenida dos Engenheiros, 1095 | Alípio de Melo, Belo Horizonte - MG"
Parada do Sabor,"Av. General Carlos Guedes, 346 | Planalto, Belo Horizonte – MG",Belo Horizonte,MG,-19.8373712,-43.9480678,https://cdb-static-files.s3.amazonaws.com/wp-content/uploads/2026/03/09113047/paradadosabor_lanchedepopeye_bh_2026_pauloti_unibh-5163.jpg,https://comidadibuteco.com.br/butecos/belo-horizonte/page/9/,https://comidadibuteco.com.br/buteco/parada-do-sabor/,"Lanche do Popeye Filé-mignon suíno ao molho de espinafre com catupiry e creme de leite, acompanha torradas na manteiga de ervas.",31988995343,Segunda-feira: 13h – 23h | Quarta-feira: 13h – 23h | Quinta-feira: 13h – 23h | Sexta-feira: 13h – 23h | Sábado: 13h – 23h | Domingo: 13h – 23h,"https://www.google.com/maps/search/?api=1&query=Av. General Carlos Guedes, 346 | Planalto, Belo Horizonte - MG"
Pé de Cana,"R. Flórida, 15 | Carmo, Belo Horizonte – MG",Belo Horizonte,MG,-19.9489897,-43.9322579,https://cdb-static-files.s3.amazonaws.com/wp-content/uploads/2026/03/16112227/pedecana_porconalama_joaovictor_unibh-3298.jpg,https://comidadibuteco.com.br/butecos/belo-horizonte/page/9/,https://comidadibuteco.com.br/buteco/pe-de-cana-3/,"Porco na Lama Lombo de panela com ora-pro-nóbis, batata baby, maionese de cebola picante.",3132212099,Segunda-feira: 11h – 0h | Terça-feira: 11h – 0h | Quarta-feira: 11h – 0h | Quinta-feira: 11h – 0h | Sexta-feira: 11h – 0h | Sábado: 11h – 0h | Domingo: 11h – 18h,"https://www.google.com/maps/search/?api=1&query=R. Flórida, 15 | Belo Horizonte - MG"
Pé de Goiaba,"Av. Amazonas, 4676 | Nova Suíça, Belo Horizonte – MG",Belo Horizonte,MG,-19.9298893,-43.9790897,https://cdb-static-files.s3.amazonaws.com/wp-content/uploads/2026/03/09113050/pedegoiaba_atolacoxa_bh_2026_rodneycosta_unibh-4135.jpg,https://comidadibuteco.com.br/butecos/belo-horizonte/page/9/,https://comidadibuteco.com.br/buteco/3179-revision-v1/,Atolacoxa Coxinhas de frango com queijo ao molho de goiabada levemente apimentada e defumada. Acompanha: creme de rúcula.,3133479425,Terça-feira: 18h – 23h | Quarta-feira: 18h – 23h | Quinta-feira: 18h – 23h | Sexta-feira: 18h – 23h | Sábado: 12h – 22h,"https://www.google.com/maps/search/?api=1&query=Av. Amazonas, 4676 | Nova Suíça, Belo Horizonte - MG"
Planeta Lúpulo,"Av. Guarapari, 108 | Santa Amélia, Belo Horizonte – MG",Belo Horizonte,MG,-19.8400936,-43.9776251,https://cdb-static-files.s3.amazonaws.com/wp-content/uploads/2026/03/09113153/planetalupulo_catifunda_bh_2026_pauloti_unibh-4839.jpg,https://comidadibuteco.com.br/butecos/belo-horizonte/page/9/,https://comidadibuteco.com.br/buteco/planeta-lupulo/,"Catifunda Charutos de couve recheados com carne suína, cobertos por molho artesanal de tomates frescos. Acompanha farofa da casa.",3136461088,Terça-feira: 17h – 0h | Quarta-feira: 17h – 0h | Quinta-feira: 17h – 0h | Sexta-feira: 17h – 0h | Sábado: 14h – 0h | Domingo: 14h – 22h,"https://www.google.com/maps/search/?api=1&query=Av. Guarapari, 108 | Santa Amélia, Belo Horizonte - MG"
PoiZé Bar e Petisqueira,"R. Pium-I, 686 | Cruzeiro, Belo Horizonte – MG",Belo Horizonte,MG,-19.9426434,-43.9299187,https://cdb-static-files.s3.amazonaws.com/wp-content/uploads/2026/03/09113155/poizebar_porcoescaladadoopeye_bh_2026_rodneycosta_unibh-4690.jpg,https://comidadibuteco.com.br/butecos/belo-horizonte/page/9/,https://comidadibuteco.com.br/buteco/poize-bar-e-petisqueira/,Porco escaldado Popeye Cubos de pernil mergulhado num escaldado de farinha de fubá torrada e espinafre refogado na manteiga.,31997760076,Terça-feira: 17h – 0h | Quarta-feira: 17h – 0h | Quinta-feira: 17h – 0h | Sexta-feira: 17h – 0h | Sábado: 12h – 0h | Domingo: 12h – 18h,"https://www.google.com/maps/search/?api=1&query=R. Pium-I, 686 | Cruzeiro, Belo Horizonte - MG"
Prado Beer,"Av. Francisco Sá, 590 | Prado, Belo Horizonte – MG",Belo Horizonte,MG,-19.928111,-43.9596885,https://cdb-static-files.s3.amazonaws.com/wp-content/uploads/2026/03/09113156/pradobeer_musculodopopeye_bh_2026_pauloti_unibh-4945.jpg,https://comidadibuteco.com.br/butecos/belo-horizonte/page/9/,https://comidadibuteco.com.br/buteco/prado-beer/,Músculo do Popeye Músculo com purê de batata e molho pesto de espinafre. Acompanhado de melado de cana e vitamina do Popeye.,31326744103125517794,Segunda-feira: 12h30 – 0h | Terça-feira: 12h30 – 0h | Quarta-feira: 12h30 – 0h | Quinta-feira: 12h30 – 0h | Sexta-feira: 12h30 – 0h | Sábado: 12h30 – 0h | Domingo: 12h30 – 22h,"https://www.google.com/maps/search/?api=1&query=Av. Francisco Sá, 590 | Prado, Belo Horizonte - MG"
Queremos Frango,"Avenida Joaquim Clemente, 730 | Floramar, Belo Horizonte – MG",Belo Horizonte,MG,-19.8396478,-43.9332774,https://cdb-static-files.s3.amazonaws.com/wp-content/uploads/2026/03/09113158/queremosfrango_soforteuai_bh_2026_rodneycosta_unibh-4390.jpg,https://comidadibuteco.com.br/butecos/belo-horizonte/page/9/,https://comidadibuteco.com.br/buteco/queremos-frango/,"Sô forte uai Mingau de mandioca com couve rasgada, músculo ao vinho, mandiocas fritas e torradinhas caseiras.",31991858236,Terça-feira: 17h – 22h30 | Quarta-feira: 17h – 22h30 | Quinta-feira: 17h – 22h30 | Sexta-feira: 17h – 22h30 | Sábado: 11h – 22h | Domingo: 11h – 16h,"https://www.google.com/maps/search/?api=1&query=Avenida Joaquim Clemente, 730 | Belo Horizonte - MG"
Quintal do Louzada,"Rua Gávea, 358 | Nova Suíça, Belo Horizonte – MG",Belo Horizonte,MG,-19.9388489,-43.9752421,https://cdb-static-files.s3.amazonaws.com/wp-content/uploads/2026/03/09113159/quintaldolouzada_charuteco_isaquerodrigues_unibh-3203.jpg,https://comidadibuteco.com.br/butecos/belo-horizonte/page/9/,https://comidadibuteco.com.br/buteco/quintal-do-louzada/,"Charuteco Caipira Charuto de couve recheado com ragu de linguiça, com bolacha de acelga e crispy de alho-poró. Acompanha: cachaça da roça.",31975636019,Terça-feira: 18h – 23h | Quarta-feira: 18h – 23h | Quinta-feira: 18h – 23h | Sexta-feira: 18h – 0h | Sábado: 18h – 0h,"https://www.google.com/maps/search/?api=1&query=Rua Gávea, 358 | Belo Horizonte - MG"
Quioxque Botequim Carioca,"Rua Henrique Badaró Portugal, 157 | Buritis, Belo Horizonte – MG",Belo Horizonte,MG,-19.9724056,-43.9758798,https://cdb-static-files.s3.amazonaws.com/wp-content/uploads/2026/03/09113301/quioxquecarioca_souomarinheiropopeye_bh_2026_pauloti_unibh-5175.jpg,https://comidadibuteco.com.br/butecos/belo-horizonte/page/9/,https://comidadibuteco.com.br/buteco/quioxque-butiquim-carioca/,"Sou Marinheiro Popeye Prexecas de espinafre, sob molho pomodoro, gratinadas com queijo e acompanhadas de batatas bolinhas em conserva bem temperadas com alho, bacon e pimenta-calabresa. Servidas com pesto de espinafre e manjericão.",31984778708,Segunda-feira: 11h30 – 0h | Terça-feira: 11h30 – 0h | Quarta-feira: 11h30 – 0h | Quinta-feira: 11h30 – 0h | Sexta-feira: 11h30 – 0h | Sábado: 11h30 – 0h | Domingo: 11h30 – 20h,"https://www.google.com/maps/search/?api=1&query=Rua Henrique Badaró Portugal, 157 | Buritis, Belo Horizonte - MG"
Quitandas da Tia Nice Bar,"R. Alabastro, 146 | Horto, Belo Horizonte – MG",Belo Horizonte,MG,-19.9121372,-43.9210181,https://cdb-static-files.s3.amazonaws.com/wp-content/uploads/2026/03/09113303/quitandasdatianice_toki_bh_2026_rodneycosta_unibh-4358.jpg,https://comidadibuteco.com.br/butecos/belo-horizonte/page/9/,https://comidadibuteco.com.br/buteco/quitandas-da-tia-nice-bar/,"Tô Ki Iscas de paleta suína e copa lombo salteadas com cebola-roxa, pimentões, cenoura, cebolinha, acelga, alho-poró e molho agridoce da casa. Acompanha salada de manga com pimentões, pimenta-dedo-de-moça, mel e croutons da casa.",3198240120,Terça-feira: 17h – 23h | Quarta-feira: 17h – 23h | Quinta-feira: 17h – 23h | Sexta-feira: 17h – 23h | Sábado: 11h – 23h | Domingo: 11h – 20h,"https://www.google.com/maps/search/?api=1&query=R. Alabastro, 146 | Horto, Belo Horizonte - MG"
Recanto da Traíra,"Rua Alberto Cintra, 47 | União, Belo Horizonte – MG",Belo Horizonte,MG,-19.8838936,-43.9290558,https://cdb-static-files.s3.amazonaws.com/wp-content/uploads/2026/03/09113304/recantodatraira_trairanaotrai_bh_2026_isacrodrigues_unibh-3792.jpg,https://comidadibuteco.com.br/butecos/belo-horizonte/page/9/,https://comidadibuteco.com.br/buteco/recanto-da-traira/,"Uai, Traíra não Traí Traíra com purê de mandioca e crispy de couve, banana-da-terra e batata chips. Acompanha: molho melado e molho de maracujá.",31988150787,Terça à quinta de 17h às 00h l Sexta e sábado de 11h às 00 horas l Domingos e feriados 11h às 18 horas,"https://www.google.com/maps/search/?api=1&query=Rua Alberto Cintra, 47 | Belo Horizonte - MG"
Reforma Bar,"Rua Joaquim Nabuco, 577 | Nova Suíça, Belo Horizonte – MG",Belo Horizonte,MG,-19.9354463,-43.9772205,https://cdb-static-files.s3.amazonaws.com/wp-content/uploads/2026/03/09113306/barreforma_maviadastrouxas_bh_2026_rodneycosta_unibh-4343.jpg,https://comidadibuteco.com.br/butecos/belo-horizonte/page/9/,https://comidadibuteco.com.br/buteco/reforma/,Maria das Trouxas Trouxas de couve recheadas com bacalhau cremoso ao molho branco.,31992935150,Terça-feira: 17h – 0h | Quarta-feira: 17h – 0h | Quinta-feira: 17h – 0h | Sexta-feira: 17h – 0h | Sábado: 17h – 0h,"https://www.google.com/maps/search/?api=1&query=Rua Joaquim Nabuco, 577 | Belo Horizonte - MG"
Rei da Picanha,"Avenida Sebastião de Brito, 400 | Dona Clara, Belo Horizonte – MG",Belo Horizonte,MG,-19.8614898,-43.9437183,https://cdb-static-files.s3.amazonaws.com/wp-content/uploads/2026/03/09113307/reidapicanha_depicanhacaomavida_bh_2026_pauloti_unibh-4527.jpg,https://comidadibuteco.com.br/butecos/belo-horizonte/page/10/,https://comidadibuteco.com.br/buteco/rei-da-picanha/,"De picanha com a vida Picanha suína, acompanhada de chutney de tomate-cereja picante, batata rústica com pesto de couve e espinafre.",31920077690,17h – 23h00 | Terça-feira: 17h – 23h00 | Quarta-feira: 17h – 23h00 | Quinta-feira: 17h – 23h00 | Sexta-feira: 17h – 23h00 | Sábado: 13h – 22h30| Domingo: 13h – 22h30,"https://www.google.com/maps/search/?api=1&query=Avenida Sebastião de Brito, 400 | Belo Horizonte - MG"
Rei do Peixe,"R. Ramalho Ortigão, 735 | Santa Branca, Belo Horizonte – MG",Belo Horizonte,MG,-19.8307182,-43.9654983,https://cdb-static-files.s3.amazonaws.com/wp-content/uploads/2026/03/09113409/reidopeixe_polpettasdorei_bh_2026_pauloti_unibh-4918.jpg,https://comidadibuteco.com.br/butecos/belo-horizonte/page/10/,https://comidadibuteco.com.br/buteco/rei-do-peixe/,"Polpetta do Rei Almôndegas de tilápia ao molho de tomate e alho-poró, acompanhadas de torradas.",31972669782,Terça-feira: 17h30 – 23h30 | Quarta-feira: 17h30 – 23h30 | Quinta-feira: 17h30 – 23h30 | Sexta-feira: 17h30 – 23h30 | Sábado: 13h – 23h30 | Domingo: 13h – 22h,"https://www.google.com/maps/search/?api=1&query=R. Ramalho Ortigão, 735 | Santa Branca, Belo Horizonte - MG"
Resenha da Naty,"R. Gonçalves Lêdo, 288 | Cachoeirinha, Belo Horizonte – MG",Belo Horizonte,MG,-19.8930163,-43.9460919,https://cdb-static-files.s3.amazonaws.com/wp-content/uploads/2026/03/09113411/resenhadanaty_podecomerquenaoepecado_bh_2026_rodneycosta_unibh-4649.jpg,https://comidadibuteco.com.br/butecos/belo-horizonte/page/10/,https://comidadibuteco.com.br/buteco/resenha-da-naty/,Pode comer que não é pecado Maçã de peito cozida com pedaços de milho-verde e couve crispy com alho.,31999284873,Quarta-feira: 18h – 23h | Quinta-feira: 18h – 23h | Sexta-feira: 18h – 23h | Sábado: 12h – 23h | Domingo: 12h – 18h,"https://www.google.com/maps/search/?api=1&query=R. Gonçalves Lêdo, 288 | Cachoeirinha, Belo Horizonte - MG"
S.O.S Pub,"Avenida Padre José Maurício, 1126 | Vista Alegre, Belo Horizonte – MG",Belo Horizonte,MG,-19.9520894,-43.9926409,https://cdb-static-files.s3.amazonaws.com/wp-content/uploads/2026/03/09113413/sospub_boienrolado_bh_2026_rodneycosta_unibh-5057.jpg,https://comidadibuteco.com.br/butecos/belo-horizonte/page/10/,https://comidadibuteco.com.br/buteco/s-o-s-pub/,"Boi enrolado Costela de boi com arroz, enrolada no repolho sob uma cama de molho de tomate e coberta com molho de queijo gratinado.",31992950703,Segunda-feira: 17h – 0h | Terça-feira: 17h – 0h | Quarta-feira: 17h – 0h | Quinta-feira: 17h – 0h | Sexta-feira: 17h – 0h | Sábado: 17h – 0h | Domingo: 17h – 0h,"https://www.google.com/maps/search/?api=1&query=Avenida Padre José Maurício, 1126 | Vista Alegre, Belo Horizonte - MG"
Sant'Esquina Butiquim,"Rua Ramalho Ortigão, 650 | Santa Branca, Belo Horizonte – MG",Belo Horizonte,MG,-19.8307182,-43.9654983,https://cdb-static-files.s3.amazonaws.com/wp-content/uploads/2026/03/09113414/santesquinabutequim_atoladimdeboibebum_bh_2026_pauloti_unibh-3975.jpg,https://comidadibuteco.com.br/butecos/belo-horizonte/page/10/,https://comidadibuteco.com.br/buteco/santesquina-butiquim/,Atoladinho de boi bebum Ragu de lombinho bovino com aligot de mandioca e crispy de couve.,31988997273,Segunda-feira: 17h – 0h | Terça-feira: 17h – 0h | Quarta-feira: 17h – 0h | Quinta-feira: 17h – 0h | Sexta-feira: 17h – 0h | Sábado: 13h – 0h | Domingo: 12h – 20h,"https://www.google.com/maps/search/?api=1&query=Rua Ramalho Ortigão, 650 |Belo Horizonte - MG"
Santa Boemia,"R. Mármore, 534 | Santa Teresa, Belo Horizonte – MG",Belo Horizonte,MG,,,https://cdb-static-files.s3.amazonaws.com/wp-content/uploads/2026/03/09113416/santaboemia_mamamia_bh_2026_rodneycosta_unibh-4596.jpg,https://comidadibuteco.com.br/butecos/belo-horizonte/page/10/,https://comidadibuteco.com.br/buteco/santa-boemia/,"Mama mia! Bolinhos empanados na panko e fritos, preparados com uma combinação de rúcula, queijos e tomates. Acompanhados de um molho de tomates especial.",31991322623,Quarta-feira: 17h – 0h | Quinta-feira: 17h – 0h | Sexta-feira: 17h – 0h | Sábado: 11h – 0h | Domingo: 11h – 21h,"https://www.google.com/maps/search/?api=1&query=R. Mármore, 534 | Santa Teresa, Belo Horizonte - MG"
Santuário Retrô,"Av. Padre Vieira, 150 | Minas Brasil, Belo Horizonte – MG",Belo Horizonte,MG,-19.9160217,-43.9899947,https://cdb-static-files.s3.amazonaws.com/wp-content/uploads/2026/03/09113518/santuarioretro_dugibi_bh_2026_pauloti_unibh-4873.jpg,https://comidadibuteco.com.br/butecos/belo-horizonte/page/10/,https://comidadibuteco.com.br/buteco/santuario-retro/,"Du Gibí Bifão dos Flintstones, de copa lombo, com creme de espinafre do Popeye, picles de brócolis, couve-flor e pimentão; e batata bolinha.",31992084950,Terça-feira: 17h – 23h | Quarta-feira: 17h – 23h | Quinta-feira: 17h – 23h | Sexta-feira: 17h – 23h | Sábado: 11h – 23h | Domingo: 11h – 19h,"https://www.google.com/maps/search/?api=1&query=Av. Padre Vieira, 150 | Minas Brasil, Belo Horizonte - MG"
Seu Justino,"Rua Dona Conceição Martins, 63 | Maria Helena, Belo Horizonte – MG",Belo Horizonte,MG,-19.8022926,-43.9995124,https://cdb-static-files.s3.amazonaws.com/wp-content/uploads/2026/03/09113520/seujustino_roledojustino_fernandaoliveira_unibh-3183.jpg,https://comidadibuteco.com.br/butecos/belo-horizonte/page/10/,https://comidadibuteco.com.br/buteco/seu-justino/,"Rolê do Justino Bife de boi à rolê, purê de abóbora com espinafre, acompanhado com caldo da carne e queijo coalho grelhado e defumado.",31986961235,Quarta-feira: 18h – 23h | Quinta-feira: 18h – 23h | Sexta-feira: 18h – 23h | Sábado: 12h – 23h | Domingo: 12h – 23h |,"https://www.google.com/maps/search/?api=1&query=Rua Dona Conceição Martins, 63 | Belo Horizonte - MG"
Sô Bar,"Av. Altamiro Avelino Soares, 426 | Castelo, Belo Horizonte – MG",Belo Horizonte,MG,-19.8803447,-44.0025815,https://cdb-static-files.s3.amazonaws.com/wp-content/uploads/2026/03/09113521/sobar_sovem_bh_2026_pauloti_unibh-5007.jpg,https://comidadibuteco.com.br/butecos/belo-horizonte/page/10/,https://comidadibuteco.com.br/buteco/so-bar/,"Só vem Linguiça artesanal recheada com alho-poró, finalizada com queijo derretido e um toque especial de alho-poró.",31992797084,Segunda-feira: 11h – 23h30 | Terça-feira: 11h – 23h30 | Quarta-feira: 11h – 23h30 | Quinta-feira: 11h – 23h30 | Sexta-feira: 11h – 23h30 | Sábado: 11h – 23h30,"https://www.google.com/maps/search/?api=1&query=Av. Altamiro Avelino Soares, 426 | Castelo, Belo Horizonte - MG"
Spetim,"R. Ilacir Pereira Lima, 518 | Silveira, Belo Horizonte – MG",Belo Horizonte,MG,-19.8891649,-43.9302049,https://cdb-static-files.s3.amazonaws.com/wp-content/uploads/2026/03/09113523/spetim_donafarofaesrporquinho_bh_2026_pauloti_unibh-5204.jpg,https://comidadibuteco.com.br/butecos/belo-horizonte/page/10/,https://comidadibuteco.com.br/buteco/spetim/,"Dona Farofa e Sr. Porquinho Farofa de espinafre, agrião e alho-poró na manteiga, servida com costelinha caipira pururucada e vinagrete de abacaxi com pimenta-biquinho.",3134821232,Segunda-feira: 11h – 23h | Terça-feira: 11h – 23h | Quarta-feira: 11h – 23h | Quinta-feira: 11h – 23h | Sexta-feira: 11h – 0h | Sábado: 11h – 0h | Domingo: 11h – 23h,"https://www.google.com/maps/search/?api=1&query=R. Ilacir Pereira Lima, 518 | Silveira, Belo Horizonte - MG"
Sunset Bar,"R. Érico Veríssimo, 2039 | Santa Mônica, Belo Horizonte – MG",Belo Horizonte,MG,-19.8222794,-43.9786635,https://cdb-static-files.s3.amazonaws.com/wp-content/uploads/2026/03/09113525/sunsetbar_costelaveiadeguerra_bh_2026_rodneycosta_unibh-3325.jpg,https://comidadibuteco.com.br/butecos/belo-horizonte/page/10/,https://comidadibuteco.com.br/buteco/sunset-bar/,"Costela Véia de Guerra Costela de boi com mandioca cozida, almeirão refogado e acompanhada de farofa da casa.",31986694770,Segunda-feira: 18h – 23h30 | Terça-feira: 18h – 23h30 | Quarta-feira: 18h – 23h30 | Quinta-feira: 18h – 23h30 | Sexta-feira: 18h – 23h30 | Sábado: 16h – 23h30 | Domingo: 16h – 23h30,"https://www.google.com/maps/search/?api=1&query=R. Érico Veríssimo, 2039 | Belo Horizonte - MG"
Tanganica Art Bar,"R. Padre Demerval Gomes, 380 | Coração Eucarístico, Belo Horizonte – MG",Belo Horizonte,MG,-19.9254737,-43.9917045,https://cdb-static-files.s3.amazonaws.com/wp-content/uploads/2026/03/09113626/tanganica_triovegano_bh_2026_pauloti_unibh-4057.jpg,https://comidadibuteco.com.br/butecos/belo-horizonte/page/10/,https://comidadibuteco.com.br/buteco/tanganica-art-bar/,"Trio Vegano Mix vegano com linguiça de espinafre, pastel de ora-pro-nóbis, torresmo de milho e molho de alho.",31992112697,Terça-feira: 11h – 13h e 18h – 22h30 | Quarta-feira: 11h – 13h e 18h – 22h30 | Quinta-feira: 11h – 13h e 18h – 22h30 | Sexta-feira: 11h – 13h e 18h – 22h30 | Sábado: 18h – 22h30 |,"https://www.google.com/maps/search/?api=1&query=R. Padre Demerval Gomes, 380 | Coração Eucarístico, Belo Horizonte - MG"
Toca do Ogro,"R. Professor Nelson de Sena, 4 | Pampulha, Belo Horizonte – MG",Belo Horizonte,MG,-19.8543191,-43.9568613,https://cdb-static-files.s3.amazonaws.com/wp-content/uploads/2026/03/09113628/tocadoogro_triodaroca_bh_2026_rodneycosta_unibh-3916.jpg,https://comidadibuteco.com.br/butecos/belo-horizonte/page/11/,https://comidadibuteco.com.br/buteco/toca-do-ogro/,"Trio da Roça Sambiquira douradinha, torresmo estalando e couve-flor à milanesa: três crocâncias que se uniram num trio pra conquistar seu coração e sua cerveja, acompanhado de um creme de alho-poró que coroa essa combinação, fechando com a harmonização perfeita.",3136653838,Terça-feira: 17h30 – 22h30 | Quarta-feira: 17h30 – 22h30 | Quinta-feira: 17h30 – 22h30 | Sexta-feira: 17h30 – 23h | Sábado: 12h – 23h | Domingo: 12h – 15h,"https://www.google.com/maps/search/?api=1&query=R. Professor Nelson de Sena, 4 | Pampulha, Belo Horizonte - MG"
Toninho – Alto Forno,"R. Miracema, 100 | Santo André, Belo Horizonte – MG",Belo Horizonte,MG,-19.8999841,-43.9522977,https://cdb-static-files.s3.amazonaws.com/wp-content/uploads/2026/03/09113630/bartoninhoaltoforno_penorabo_bh_2026_pauloti_unibh-5193.jpg,https://comidadibuteco.com.br/butecos/belo-horizonte/page/11/,https://comidadibuteco.com.br/buteco/5706-revision-v1/,"Pé no Rabo (Homenagem ao Tonhão) Rabada com pé de porco (a tradicional ""mãozinha""), cozidos com ora-pro-nóbis e rodelas de milho-verde. Acompanha farofa dourada.",3136544064,Terça-feira: 18h – 1h30 | Quarta-feira: 18h – 1h30 | Quinta-feira: 18h – 1h30 | Sexta-feira: 18h – 1h30 | Sábado: 18h – 1h30 | Domingo: 18h – 0h30,"https://www.google.com/maps/search/?api=1&query=R. Miracema, 100 | Santo André, Belo Horizonte - MG"
Us Motoca,"R. Blenda, 91 | Camargos, Belo Horizonte – MG",Belo Horizonte,MG,-19.9407705,-44.0148074,https://cdb-static-files.s3.amazonaws.com/wp-content/uploads/2026/03/09113632/usmotoca_risotomineiro_bh_2026_rodneycosta_unibh-4269.jpg,https://comidadibuteco.com.br/butecos/belo-horizonte/page/11/,https://comidadibuteco.com.br/buteco/3187-revision-v1/,"Risoto Mineiro Risoto de canjica com couve, bacon, linguiça e costelinha com mostarda de jabuticaba, servido com crispy de alho-poró e chips de jiló.",31985444031,Terça-feira: 18h – 0h | Quarta-feira: 18h – 0h | Quinta-feira: 18h – 0h | Sexta-feira: 18h – 0h | Sábado: 18h – 0h | Domingo: 11h30 – 15h,"https://www.google.com/maps/search/?api=1&query=R. Blenda, 91 | Camargos, Belo Horizonte - MG"
Via Deslandes,"Rua Francisco Deslandes, 10 | Anchieta, Belo Horizonte – MG",Belo Horizonte,MG,-19.9441031,-43.9300901,https://cdb-static-files.s3.amazonaws.com/wp-content/uploads/2026/03/09113633/viadeslandes_dijoelho_bh_2026_pauloti_unibh-4933.jpg,https://comidadibuteco.com.br/butecos/belo-horizonte/page/11/,https://comidadibuteco.com.br/buteco/via-deslandes/,"Di Joelho Joelho de porco defumado, com chucrute, maionese de batata e chutney de abacaxi.",3136573677,Segunda-feira: 11h – 17h | Terça-feira: 11h – 23h | Quarta-feira: 11h – 23h | Quinta-feira: 11h – 23h | Sexta-feira: 11h – 23h | Sábado: 11h – 23h | Domingo: 11h – 17h,"https://www.google.com/maps/search/?api=1&query=Rua Francisco Deslandes, 10 | Belo Horizonte - MG"
Xambar,"Av. Augusto de Lima, 233 – Edifício Maleta | Centro, Belo Horizonte – MG",Belo Horizonte,MG,-19.9248113,-43.9375775,https://cdb-static-files.s3.amazonaws.com/wp-content/uploads/2026/03/09113736/xambar_escondeesconde_bh_2026_rodneycosta_unibh-4581.jpg,https://comidadibuteco.com.br/butecos/belo-horizonte/page/11/,https://comidadibuteco.com.br/buteco/xambar/,"Esconde-Esconde Escondidinho de alho-poró, recheado com carne de boi desfiada, acompanhado por torradas amanteigadas.",31994108635,Segunda-feira: 17h – 0h | Terça-feira: 17h – 0h | Quarta-feira: 17h – 0h | Quinta-feira: 17h – 0h | Sexta-feira: 17h – 0h | Sábado: 17h – 0h,"https://www.google.com/maps/search/?api=1&query=Av. Augusto de Lima, 233 - Edifício Maleta | Centro, Belo Horizonte - MG"
Zé Bolacha,"Rua das Melancias, 35 | Vila Clóris, Belo Horizonte – MG",Belo Horizonte,MG,-19.8211973,-43.9515485,https://cdb-static-files.s3.amazonaws.com/wp-content/uploads/2026/03/09113737/zebolachabar_menudosgerais_bh_2026_pauloti_unibh-5144.jpg,https://comidadibuteco.com.br/butecos/belo-horizonte/page/11/,https://comidadibuteco.com.br/buteco/ze-bolacha/,"Menu de Minas Entradas: shot de canjiquinha petisco, bruschettas de pão de queijo recheado com requeijão, servidas com mix de carnes (bovinas e suínas) com alho-poró e molho pesto de espinafre. Sobremesa: queijo minas com goiabada.",3134541052,Segunda-feira: 18h – 0h | Terça-feira: 18h – 0h | Quarta-feira: 18h – 0h | Quinta-feira: 18h – 0h | Sexta-feira: 18h – 1h | Sábado: 18h – 1h,"https://www.google.com/maps/search/?api=1&query=Rua das Melancias, 35 | Vila Clóris, Belo Horizonte - MG"
Zoo Bar,"Av. Otacílio Negrão de Lima, 7844 | Pampulha, Belo Horizonte – MG",Belo Horizonte,MG,-19.8546939,-44.0046833,https://cdb-static-files.s3.amazonaws.com/wp-content/uploads/2026/03/09113739/zoobar_procoro_bh_2026_rodneycosta_unibh-4379.jpg,https://comidadibuteco.com.br/butecos/belo-horizonte/page/11/,https://comidadibuteco.com.br/buteco/zoo-bar/,"Porcoró Iscas de filé-mignon suíno, acompanhadas de batatas salteadas no creme de alho-poró e farofa da casa.",319917562253134917455,Terça-feira: 11h – 15h30 | Quarta-feira: 11h – 15h30 | Quinta-feira: 12h – 21h30 | Sexta-feira: 12h – 21h30 | Sábado: 13h – 21h30 | Domingo: 12h – 16h30,"https://www.google.com/maps/search/?api=1&query=Av. Otacílio Negrão de Lima, 7844 | Pampulha, Belo Horizonte - MG"
